,tracker,work_start_date,work_start_hour,work_finish_date,work_finish_hour,duration,duration_seconds,ay,hafta,gün,hafta_günü,çeyrek,gün_saati
0,HD_024,2022-01-01,1900-01-01 06:23:00,2022-01-01,1900-01-01 23:59:00,0 days 17:36:00,63360.0,1,52,1,6,1,6
1,HD_022,2022-01-01,1900-01-01 00:30:00,2022-01-01,1900-01-01 23:59:00,0 days 23:29:00,84540.0,1,52,1,6,1,0
2,DD_234,2022-01-01,1900-01-01 00:00:00,2022-01-01,1900-01-01 23:59:00,0 days 23:59:00,86340.0,1,52,1,6,1,0
3,HD_023,2022-01-01,1900-01-01 09:25:00,2022-01-01,1900-01-01 23:22:00,0 days 13:57:00,50220.0,1,52,1,6,1,9
4,DD_126,2022-01-01,1900-01-01 00:00:00,2022-01-01,1900-01-01 23:59:00,0 days 23:59:00,86340.0,1,52,1,6,1,0
5,DD_126,2022-01-02,1900-01-01 00:02:00,2022-01-02,1900-01-01 23:59:00,0 days 23:57:00,86220.0,1,1,2,0,1,0
6,HD_024,2022-01-02,1900-01-01 00:00:00,2022-01-02,1900-01-01 23:58:00,0 days 23:58:00,86280.0,1,1,2,0,1,0
7,DD_234,2022-01-02,1900-01-01 00:00:00,2022-01-02,1900-01-01 23:59:00,0 days 23:59:00,86340.0,1,1,2,0,1,0
8,HD_022,2022-01-02,1900-01-01 00:00:00,2022-01-02,1900-01-01 23:57:00,0 days 23:57:00,86220.0,1,1,2,0,1,0
9,HD_023,2022-01-02,1900-01-01 00:23:00,2022-01-02,1900-01-01 23:53:00,0 days 23:30:00,84600.0,1,1,2,0,1,0
10,DD_234,2022-01-03,1900-01-01 00:00:00,2022-01-03,1900-01-01 23:59:00,0 days 23:59:00,86340.0,1,1,3,1,1,0
11,DD_126,2022-01-03,1900-01-01 00:00:00,2022-01-03,1900-01-01 23:59:00,0 days 23:59:00,86340.0,1,1,3,1,1,0
12,HD_023,2022-01-03,1900-01-01 00:05:00,2022-01-03,1900-01-01 23:59:00,0 days 23:54:00,86040.0,1,1,3,1,1,0
13,HD_022,2022-01-03,1900-01-01 00:02:00,2022-01-03,1900-01-01 23:58:00,0 days 23:56:00,86160.0,1,1,3,1,1,0
14,HD_024,2022-01-03,1900-01-01 00:00:00,2022-01-03,1900-01-01 23:53:00,0 days 23:53:00,85980.0,1,1,3,1,1,0
15,DD_234,2022-01-04,1900-01-01 00:00:00,2022-01-04,1900-01-01 23:59:00,0 days 23:59:00,86340.0,1,1,4,2,1,0
16,HD_024,2022-01-04,1900-01-01 00:17:00,2022-01-04,1900-01-01 23:59:00,0 days 23:42:00,85320.0,1,1,4,2,1,0
17,HD_022,2022-01-04,1900-01-01 00:03:00,2022-01-04,1900-01-01 23:58:00,0 days 23:55:00,86100.0,1,1,4,2,1,0
18,DD_126,2022-01-04,1900-01-01 00:00:00,2022-01-04,1900-01-01 23:59:00,0 days 23:59:00,86340.0,1,1,4,2,1,0
19,HD_023,2022-01-04,1900-01-01 00:00:00,2022-01-04,1900-01-01 23:59:00,0 days 23:59:00,86340.0,1,1,4,2,1,0
20,HD_023,2022-01-05,1900-01-01 00:00:00,2022-01-05,1900-01-01 23:59:00,0 days 23:59:00,86340.0,1,1,5,3,1,0
21,HD_022,2022-01-05,1900-01-01 00:11:00,2022-01-05,1900-01-01 23:58:00,0 days 23:47:00,85620.0,1,1,5,3,1,0
22,DD_126,2022-01-05,1900-01-01 00:00:00,2022-01-05,1900-01-01 23:59:00,0 days 23:59:00,86340.0,1,1,5,3,1,0
23,HD_024,2022-01-05,1900-01-01 00:00:00,2022-01-05,1900-01-01 23:59:00,0 days 23:59:00,86340.0,1,1,5,3,1,0
24,DD_234,2022-01-05,1900-01-01 00:00:00,2022-01-05,1900-01-01 23:59:00,0 days 23:59:00,86340.0,1,1,5,3,1,0
25,HD_022,2022-01-06,1900-01-01 00:00:00,2022-01-06,1900-01-01 23:59:00,0 days 23:59:00,86340.0,1,1,6,4,1,0
26,DD_234,2022-01-06,1900-01-01 00:00:00,2022-01-06,1900-01-01 23:59:00,0 days 23:59:00,86340.0,1,1,6,4,1,0
27,HD_024,2022-01-06,1900-01-01 00:00:00,2022-01-06,1900-01-01 23:59:00,0 days 23:59:00,86340.0,1,1,6,4,1,0
28,HD_023,2022-01-06,1900-01-01 00:00:00,2022-01-06,1900-01-01 23:59:00,0 days 23:59:00,86340.0,1,1,6,4,1,0
29,DD_126,2022-01-06,1900-01-01 00:00:00,2022-01-06,1900-01-01 23:59:00,0 days 23:59:00,86340.0,1,1,6,4,1,0
30,DD_126,2022-01-07,1900-01-01 00:01:00,2022-01-07,1900-01-01 23:59:00,0 days 23:58:00,86280.0,1,1,7,5,1,0
31,HD_023,2022-01-07,1900-01-01 00:00:00,2022-01-07,1900-01-01 23:59:00,0 days 23:59:00,86340.0,1,1,7,5,1,0
32,DD_234,2022-01-07,1900-01-01 00:00:00,2022-01-07,1900-01-01 23:59:00,0 days 23:59:00,86340.0,1,1,7,5,1,0
33,HD_022,2022-01-07,1900-01-01 00:01:00,2022-01-07,1900-01-01 23:59:00,0 days 23:58:00,86280.0,1,1,7,5,1,0
34,HD_024,2022-01-07,1900-01-01 00:02:00,2022-01-07,1900-01-01 23:59:00,0 days 23:57:00,86220.0,1,1,7,5,1,0
35,DD_126,2022-01-08,1900-01-01 00:00:00,2022-01-08,1900-01-01 23:59:00,0 days 23:59:00,86340.0,1,1,8,6,1,0
36,HD_024,2022-01-08,1900-01-01 00:00:00,2022-01-08,1900-01-01 23:59:00,0 days 23:59:00,86340.0,1,1,8,6,1,0
37,HD_023,2022-01-08,1900-01-01 00:00:00,2022-01-08,1900-01-01 23:59:00,0 days 23:59:00,86340.0,1,1,8,6,1,0
38,DD_234,2022-01-08,1900-01-01 00:00:00,2022-01-08,1900-01-01 23:59:00,0 days 23:59:00,86340.0,1,1,8,6,1,0
39,HD_022,2022-01-08,1900-01-01 00:04:00,2022-01-08,1900-01-01 23:59:00,0 days 23:55:00,86100.0,1,1,8,6,1,0
40,DD_126,2022-01-09,1900-01-01 00:00:00,2022-01-09,1900-01-01 23:59:00,0 days 23:59:00,86340.0,1,2,9,0,1,0
41,HD_022,2022-01-09,1900-01-01 00:00:00,2022-01-09,1900-01-01 23:59:00,0 days 23:59:00,86340.0,1,2,9,0,1,0
42,DD_234,2022-01-09,1900-01-01 00:00:00,2022-01-09,1900-01-01 21:44:00,0 days 21:44:00,78240.0,1,2,9,0,1,0
43,HD_024,2022-01-09,1900-01-01 00:00:00,2022-01-09,1900-01-01 23:59:00,0 days 23:59:00,86340.0,1,2,9,0,1,0
44,HD_023,2022-01-09,1900-01-01 00:00:00,2022-01-09,1900-01-01 23:59:00,0 days 23:59:00,86340.0,1,2,9,0,1,0
45,HD_022,2022-01-10,1900-01-01 00:00:00,2022-01-10,1900-01-01 23:55:00,0 days 23:55:00,86100.0,1,2,10,1,1,0
46,DD_126,2022-01-10,1900-01-01 00:00:00,2022-01-10,1900-01-01 23:59:00,0 days 23:59:00,86340.0,1,2,10,1,1,0
47,DD_234,2022-01-10,1900-01-01 03:15:00,2022-01-10,1900-01-01 23:59:00,0 days 20:44:00,74640.0,1,2,10,1,1,3
48,HD_024,2022-01-10,1900-01-01 00:00:00,2022-01-10,1900-01-01 23:59:00,0 days 23:59:00,86340.0,1,2,10,1,1,0
49,HD_023,2022-01-10,1900-01-01 00:00:00,2022-01-10,1900-01-01 23:59:00,0 days 23:59:00,86340.0,1,2,10,1,1,0
50,HD_023,2022-01-11,1900-01-01 00:00:00,2022-01-11,1900-01-01 23:59:00,0 days 23:59:00,86340.0,1,2,11,2,1,0
51,HD_022,2022-01-11,1900-01-01 00:07:00,2022-01-11,1900-01-01 23:57:00,0 days 23:50:00,85800.0,1,2,11,2,1,0
52,DD_126,2022-01-11,1900-01-01 00:00:00,2022-01-11,1900-01-01 23:59:00,0 days 23:59:00,86340.0,1,2,11,2,1,0
53,DD_234,2022-01-11,1900-01-01 00:00:00,2022-01-11,1900-01-01 23:59:00,0 days 23:59:00,86340.0,1,2,11,2,1,0
54,HD_024,2022-01-11,1900-01-01 00:00:00,2022-01-11,1900-01-01 23:59:00,0 days 23:59:00,86340.0,1,2,11,2,1,0
55,DD_185,2022-01-11,1900-01-01 21:40:00,2022-01-11,1900-01-01 23:58:00,0 days 02:18:00,8280.0,1,2,11,2,1,21
56,DD_234,2022-01-12,1900-01-01 00:00:00,2022-01-12,1900-01-01 20:59:00,0 days 20:59:00,75540.0,1,2,12,3,1,0
57,DD_185,2022-01-12,1900-01-01 00:03:00,2022-01-12,1900-01-01 23:59:00,0 days 23:56:00,86160.0,1,2,12,3,1,0
58,HD_023,2022-01-12,1900-01-01 00:00:00,2022-01-12,1900-01-01 23:59:00,0 days 23:59:00,86340.0,1,2,12,3,1,0
59,HD_022,2022-01-12,1900-01-01 00:10:00,2022-01-12,1900-01-01 23:58:00,0 days 23:48:00,85680.0,1,2,12,3,1,0
60,DD_126,2022-01-12,1900-01-01 00:00:00,2022-01-12,1900-01-01 13:36:00,0 days 13:36:00,48960.0,1,2,12,3,1,0
61,HD_024,2022-01-12,1900-01-01 00:00:00,2022-01-12,1900-01-01 23:59:00,0 days 23:59:00,86340.0,1,2,12,3,1,0
62,HD_023,2022-01-13,1900-01-01 00:00:00,2022-01-13,1900-01-01 23:57:00,0 days 23:57:00,86220.0,1,2,13,4,1,0
63,DD_185,2022-01-13,1900-01-01 00:00:00,2022-01-13,1900-01-01 23:59:00,0 days 23:59:00,86340.0,1,2,13,4,1,0
64,HD_022,2022-01-13,1900-01-01 00:02:00,2022-01-13,1900-01-01 23:58:00,0 days 23:56:00,86160.0,1,2,13,4,1,0
65,DD_234,2022-01-13,1900-01-01 10:19:00,2022-01-13,1900-01-01 23:59:00,0 days 13:40:00,49200.0,1,2,13,4,1,10
66,DD_126,2022-01-13,1900-01-01 07:18:00,2022-01-13,1900-01-01 23:59:00,0 days 16:41:00,60060.0,1,2,13,4,1,7
67,HD_024,2022-01-13,1900-01-01 00:00:00,2022-01-13,1900-01-01 23:48:00,0 days 23:48:00,85680.0,1,2,13,4,1,0
68,HD_024,2022-01-14,1900-01-01 00:00:00,2022-01-14,1900-01-01 23:59:00,0 days 23:59:00,86340.0,1,2,14,5,1,0
69,DD_185,2022-01-14,1900-01-01 00:00:00,2022-01-14,1900-01-01 23:59:00,0 days 23:59:00,86340.0,1,2,14,5,1,0
70,DD_234,2022-01-14,1900-01-01 00:00:00,2022-01-14,1900-01-01 23:59:00,0 days 23:59:00,86340.0,1,2,14,5,1,0
71,HD_023,2022-01-14,1900-01-01 00:48:00,2022-01-14,1900-01-01 12:22:00,0 days 11:34:00,41640.0,1,2,14,5,1,0
72,HD_022,2022-01-14,1900-01-01 00:00:00,2022-01-14,1900-01-01 23:59:00,0 days 23:59:00,86340.0,1,2,14,5,1,0
73,DD_126,2022-01-14,1900-01-01 00:00:00,2022-01-14,1900-01-01 23:59:00,0 days 23:59:00,86340.0,1,2,14,5,1,0
74,DD_234,2022-01-15,1900-01-01 00:00:00,2022-01-15,1900-01-01 23:59:00,0 days 23:59:00,86340.0,1,2,15,6,1,0
75,DD_126,2022-01-15,1900-01-01 00:00:00,2022-01-15,1900-01-01 23:59:00,0 days 23:59:00,86340.0,1,2,15,6,1,0
76,DD_185,2022-01-15,1900-01-01 00:00:00,2022-01-15,1900-01-01 23:58:00,0 days 23:58:00,86280.0,1,2,15,6,1,0
77,HD_024,2022-01-15,1900-01-01 00:00:00,2022-01-15,1900-01-01 23:59:00,0 days 23:59:00,86340.0,1,2,15,6,1,0
78,HD_022,2022-01-15,1900-01-01 00:09:00,2022-01-15,1900-01-01 23:59:00,0 days 23:50:00,85800.0,1,2,15,6,1,0
79,DD_185,2022-01-16,1900-01-01 00:00:00,2022-01-16,1900-01-01 23:59:00,0 days 23:59:00,86340.0,1,3,16,0,1,0
80,HD_022,2022-01-16,1900-01-01 00:00:00,2022-01-16,1900-01-01 23:59:00,0 days 23:59:00,86340.0,1,3,16,0,1,0
81,DD_126,2022-01-16,1900-01-01 00:00:00,2022-01-16,1900-01-01 23:59:00,0 days 23:59:00,86340.0,1,3,16,0,1,0
82,HD_024,2022-01-16,1900-01-01 00:00:00,2022-01-16,1900-01-01 23:59:00,0 days 23:59:00,86340.0,1,3,16,0,1,0
83,DD_234,2022-01-16,1900-01-01 00:00:00,2022-01-16,1900-01-01 23:59:00,0 days 23:59:00,86340.0,1,3,16,0,1,0
84,DD_126,2022-01-17,1900-01-01 00:00:00,2022-01-17,1900-01-01 23:53:00,0 days 23:53:00,85980.0,1,3,17,1,1,0
85,DD_234,2022-01-17,1900-01-01 00:00:00,2022-01-17,1900-01-01 23:58:00,0 days 23:58:00,86280.0,1,3,17,1,1,0
86,HD_022,2022-01-17,1900-01-01 00:00:00,2022-01-17,1900-01-01 23:52:00,0 days 23:52:00,85920.0,1,3,17,1,1,0
87,HD_024,2022-01-17,1900-01-01 00:00:00,2022-01-17,1900-01-01 23:58:00,0 days 23:58:00,86280.0,1,3,17,1,1,0
88,HD_023,2022-01-17,1900-01-01 17:25:00,2022-01-17,1900-01-01 17:25:00,0 days 00:00:00,0.0,1,3,17,1,1,17
89,DD_185,2022-01-17,1900-01-01 00:00:00,2022-01-17,1900-01-01 23:53:00,0 days 23:53:00,85980.0,1,3,17,1,1,0
90,HD_024,2022-01-18,1900-01-01 00:00:00,2022-01-18,1900-01-01 23:59:00,0 days 23:59:00,86340.0,1,3,18,2,1,0
91,DD_126,2022-01-18,1900-01-01 00:03:00,2022-01-18,1900-01-01 23:59:00,0 days 23:56:00,86160.0,1,3,18,2,1,0
92,DD_234,2022-01-18,1900-01-01 00:01:00,2022-01-18,1900-01-01 23:59:00,0 days 23:58:00,86280.0,1,3,18,2,1,0
93,HD_022,2022-01-18,1900-01-01 00:00:00,2022-01-18,1900-01-01 23:58:00,0 days 23:58:00,86280.0,1,3,18,2,1,0
94,DD_185,2022-01-18,1900-01-01 00:12:00,2022-01-18,1900-01-01 23:59:00,0 days 23:47:00,85620.0,1,3,18,2,1,0
95,DD_185,2022-01-19,1900-01-01 00:00:00,2022-01-19,1900-01-01 23:52:00,0 days 23:52:00,85920.0,1,3,19,3,1,0
96,DD_234,2022-01-19,1900-01-01 00:00:00,2022-01-19,1900-01-01 23:59:00,0 days 23:59:00,86340.0,1,3,19,3,1,0
97,HD_022,2022-01-19,1900-01-01 00:00:00,2022-01-19,1900-01-01 23:59:00,0 days 23:59:00,86340.0,1,3,19,3,1,0
98,HD_024,2022-01-19,1900-01-01 00:00:00,2022-01-19,1900-01-01 23:59:00,0 days 23:59:00,86340.0,1,3,19,3,1,0
99,DD_126,2022-01-19,1900-01-01 00:00:00,2022-01-19,1900-01-01 23:54:00,0 days 23:54:00,86040.0,1,3,19,3,1,0
100,DD_126,2022-01-20,1900-01-01 00:00:00,2022-01-20,1900-01-01 23:59:00,0 days 23:59:00,86340.0,1,3,20,4,1,0
101,DD_185,2022-01-20,1900-01-01 00:03:00,2022-01-20,1900-01-01 23:59:00,0 days 23:56:00,86160.0,1,3,20,4,1,0
102,DD_234,2022-01-20,1900-01-01 00:00:00,2022-01-20,1900-01-01 23:58:00,0 days 23:58:00,86280.0,1,3,20,4,1,0
103,HD_022,2022-01-20,1900-01-01 00:21:00,2022-01-20,1900-01-01 23:59:00,0 days 23:38:00,85080.0,1,3,20,4,1,0
104,HD_024,2022-01-20,1900-01-01 00:00:00,2022-01-20,1900-01-01 23:59:00,0 days 23:59:00,86340.0,1,3,20,4,1,0
105,DD_185,2022-01-21,1900-01-01 00:00:00,2022-01-21,1900-01-01 23:59:00,0 days 23:59:00,86340.0,1,3,21,5,1,0
106,HD_022,2022-01-21,1900-01-01 00:00:00,2022-01-21,1900-01-01 23:58:00,0 days 23:58:00,86280.0,1,3,21,5,1,0
107,DD_126,2022-01-21,1900-01-01 00:00:00,2022-01-21,1900-01-01 23:54:00,0 days 23:54:00,86040.0,1,3,21,5,1,0
108,DD_234,2022-01-21,1900-01-01 00:05:00,2022-01-21,1900-01-01 23:59:00,0 days 23:54:00,86040.0,1,3,21,5,1,0
109,HD_024,2022-01-21,1900-01-01 00:00:00,2022-01-21,1900-01-01 23:59:00,0 days 23:59:00,86340.0,1,3,21,5,1,0
110,HD_024,2022-01-22,1900-01-01 00:00:00,2022-01-22,1900-01-01 23:59:00,0 days 23:59:00,86340.0,1,3,22,6,1,0
111,DD_126,2022-01-22,1900-01-01 00:02:00,2022-01-22,1900-01-01 23:59:00,0 days 23:57:00,86220.0,1,3,22,6,1,0
112,HD_022,2022-01-22,1900-01-01 00:00:00,2022-01-22,1900-01-01 23:59:00,0 days 23:59:00,86340.0,1,3,22,6,1,0
113,DD_234,2022-01-22,1900-01-01 00:00:00,2022-01-22,1900-01-01 23:59:00,0 days 23:59:00,86340.0,1,3,22,6,1,0
114,DD_185,2022-01-22,1900-01-01 00:00:00,2022-01-22,1900-01-01 23:50:00,0 days 23:50:00,85800.0,1,3,22,6,1,0
115,HD_024,2022-01-23,1900-01-01 00:00:00,2022-01-23,1900-01-01 23:59:00,0 days 23:59:00,86340.0,1,4,23,0,1,0
116,DD_234,2022-01-23,1900-01-01 00:00:00,2022-01-23,1900-01-01 23:59:00,0 days 23:59:00,86340.0,1,4,23,0,1,0
117,DD_185,2022-01-23,1900-01-01 00:00:00,2022-01-23,1900-01-01 20:03:00,0 days 20:03:00,72180.0,1,4,23,0,1,0
118,HD_022,2022-01-23,1900-01-01 00:02:00,2022-01-23,1900-01-01 23:56:00,0 days 23:54:00,86040.0,1,4,23,0,1,0
119,DD_126,2022-01-23,1900-01-01 00:00:00,2022-01-23,1900-01-01 23:59:00,0 days 23:59:00,86340.0,1,4,23,0,1,0
120,HD_023,2022-01-23,1900-01-01 17:50:00,2022-01-23,1900-01-01 23:59:00,0 days 06:09:00,22140.0,1,4,23,0,1,17
121,DD_185,2022-01-24,1900-01-01 14:24:00,2022-01-24,1900-01-01 23:59:00,0 days 09:35:00,34500.0,1,4,24,1,1,14
122,DD_126,2022-01-24,1900-01-01 00:00:00,2022-01-24,1900-01-01 23:57:00,0 days 23:57:00,86220.0,1,4,24,1,1,0
123,HD_022,2022-01-24,1900-01-01 00:10:00,2022-01-24,1900-01-01 23:57:00,0 days 23:47:00,85620.0,1,4,24,1,1,0
124,HD_024,2022-01-24,1900-01-01 00:00:00,2022-01-24,1900-01-01 23:59:00,0 days 23:59:00,86340.0,1,4,24,1,1,0
125,DD_234,2022-01-24,1900-01-01 00:00:00,2022-01-24,1900-01-01 23:59:00,0 days 23:59:00,86340.0,1,4,24,1,1,0
126,HD_023,2022-01-24,1900-01-01 00:02:00,2022-01-24,1900-01-01 09:51:00,0 days 09:49:00,35340.0,1,4,24,1,1,0
127,DD_126,2022-01-25,1900-01-01 00:04:00,2022-01-25,1900-01-01 23:59:00,0 days 23:55:00,86100.0,1,4,25,2,1,0
128,HD_022,2022-01-25,1900-01-01 00:05:00,2022-01-25,1900-01-01 23:59:00,0 days 23:54:00,86040.0,1,4,25,2,1,0
129,DD_234,2022-01-25,1900-01-01 00:00:00,2022-01-25,1900-01-01 23:59:00,0 days 23:59:00,86340.0,1,4,25,2,1,0
130,DD_185,2022-01-25,1900-01-01 00:00:00,2022-01-25,1900-01-01 23:58:00,0 days 23:58:00,86280.0,1,4,25,2,1,0
131,HD_023,2022-01-25,1900-01-01 12:28:00,2022-01-25,1900-01-01 23:58:00,0 days 11:30:00,41400.0,1,4,25,2,1,12
132,HD_024,2022-01-25,1900-01-01 00:00:00,2022-01-25,1900-01-01 23:59:00,0 days 23:59:00,86340.0,1,4,25,2,1,0
133,HD_022,2022-01-26,1900-01-01 00:01:00,2022-01-26,1900-01-01 23:58:00,0 days 23:57:00,86220.0,1,4,26,3,1,0
134,HD_024,2022-01-26,1900-01-01 00:00:00,2022-01-26,1900-01-01 23:56:00,0 days 23:56:00,86160.0,1,4,26,3,1,0
135,DD_126,2022-01-26,1900-01-01 00:00:00,2022-01-26,1900-01-01 23:02:00,0 days 23:02:00,82920.0,1,4,26,3,1,0
136,DD_185,2022-01-26,1900-01-01 00:01:00,2022-01-26,1900-01-01 23:59:00,0 days 23:58:00,86280.0,1,4,26,3,1,0
137,DD_234,2022-01-26,1900-01-01 00:00:00,2022-01-26,1900-01-01 23:59:00,0 days 23:59:00,86340.0,1,4,26,3,1,0
138,HD_023,2022-01-26,1900-01-01 00:01:00,2022-01-26,1900-01-01 23:01:00,0 days 23:00:00,82800.0,1,4,26,3,1,0
139,DD_126,2022-01-27,1900-01-01 00:10:00,2022-01-27,1900-01-01 23:59:00,0 days 23:49:00,85740.0,1,4,27,4,1,0
140,DD_185,2022-01-27,1900-01-01 00:00:00,2022-01-27,1900-01-01 23:59:00,0 days 23:59:00,86340.0,1,4,27,4,1,0
141,HD_022,2022-01-27,1900-01-01 00:02:00,2022-01-27,1900-01-01 23:55:00,0 days 23:53:00,85980.0,1,4,27,4,1,0
142,HD_024,2022-01-27,1900-01-01 00:02:00,2022-01-27,1900-01-01 23:57:00,0 days 23:55:00,86100.0,1,4,27,4,1,0
143,HD_023,2022-01-27,1900-01-01 00:11:00,2022-01-27,1900-01-01 23:59:00,0 days 23:48:00,85680.0,1,4,27,4,1,0
144,DD_234,2022-01-27,1900-01-01 00:00:00,2022-01-27,1900-01-01 23:59:00,0 days 23:59:00,86340.0,1,4,27,4,1,0
145,DD_126,2022-01-28,1900-01-01 00:01:00,2022-01-28,1900-01-01 23:54:00,0 days 23:53:00,85980.0,1,4,28,5,1,0
146,DD_234,2022-01-28,1900-01-01 00:03:00,2022-01-28,1900-01-01 23:59:00,0 days 23:56:00,86160.0,1,4,28,5,1,0
147,DD_185,2022-01-28,1900-01-01 00:00:00,2022-01-28,1900-01-01 23:42:00,0 days 23:42:00,85320.0,1,4,28,5,1,0
148,HD_024,2022-01-28,1900-01-01 00:01:00,2022-01-28,1900-01-01 23:59:00,0 days 23:58:00,86280.0,1,4,28,5,1,0
149,HD_023,2022-01-28,1900-01-01 00:00:00,2022-01-28,1900-01-01 23:59:00,0 days 23:59:00,86340.0,1,4,28,5,1,0
150,HD_022,2022-01-28,1900-01-01 00:12:00,2022-01-28,1900-01-01 23:56:00,0 days 23:44:00,85440.0,1,4,28,5,1,0
151,HD_023,2022-01-29,1900-01-01 00:00:00,2022-01-29,1900-01-01 23:51:00,0 days 23:51:00,85860.0,1,4,29,6,1,0
152,DD_234,2022-01-29,1900-01-01 00:00:00,2022-01-29,1900-01-01 23:59:00,0 days 23:59:00,86340.0,1,4,29,6,1,0
153,DD_185,2022-01-29,1900-01-01 00:15:00,2022-01-29,1900-01-01 23:46:00,0 days 23:31:00,84660.0,1,4,29,6,1,0
154,DD_126,2022-01-29,1900-01-01 00:03:00,2022-01-29,1900-01-01 23:59:00,0 days 23:56:00,86160.0,1,4,29,6,1,0
155,HD_024,2022-01-29,1900-01-01 00:01:00,2022-01-29,1900-01-01 23:54:00,0 days 23:53:00,85980.0,1,4,29,6,1,0
156,HD_022,2022-01-29,1900-01-01 00:01:00,2022-01-29,1900-01-01 23:53:00,0 days 23:52:00,85920.0,1,4,29,6,1,0
157,HD_022,2022-01-30,1900-01-01 00:11:00,2022-01-30,1900-01-01 23:59:00,0 days 23:48:00,85680.0,1,5,30,0,1,0
158,HD_024,2022-01-30,1900-01-01 00:00:00,2022-01-30,1900-01-01 23:59:00,0 days 23:59:00,86340.0,1,5,30,0,1,0
159,HD_023,2022-01-30,1900-01-01 00:16:00,2022-01-30,1900-01-01 23:59:00,0 days 23:43:00,85380.0,1,5,30,0,1,0
160,DD_234,2022-01-30,1900-01-01 00:00:00,2022-01-30,1900-01-01 23:59:00,0 days 23:59:00,86340.0,1,5,30,0,1,0
161,DD_126,2022-01-30,1900-01-01 00:00:00,2022-01-30,1900-01-01 23:59:00,0 days 23:59:00,86340.0,1,5,30,0,1,0
162,DD_185,2022-01-30,1900-01-01 00:15:00,2022-01-30,1900-01-01 23:43:00,0 days 23:28:00,84480.0,1,5,30,0,1,0
163,HD_024,2022-01-31,1900-01-01 00:00:00,2022-01-31,1900-01-01 23:59:00,0 days 23:59:00,86340.0,1,5,31,1,1,0
164,DD_126,2022-01-31,1900-01-01 00:00:00,2022-01-31,1900-01-01 23:59:00,0 days 23:59:00,86340.0,1,5,31,1,1,0
165,HD_022,2022-01-31,1900-01-01 00:00:00,2022-01-31,1900-01-01 23:58:00,0 days 23:58:00,86280.0,1,5,31,1,1,0
166,HD_023,2022-01-31,1900-01-01 00:00:00,2022-01-31,1900-01-01 23:48:00,0 days 23:48:00,85680.0,1,5,31,1,1,0
167,DD_234,2022-01-31,1900-01-01 00:00:00,2022-01-31,1900-01-01 23:56:00,0 days 23:56:00,86160.0,1,5,31,1,1,0
168,DD_185,2022-01-31,1900-01-01 00:15:00,2022-01-31,1900-01-01 23:51:00,0 days 23:36:00,84960.0,1,5,31,1,1,0
169,HD_024,2022-02-01,1900-01-01 00:00:00,2022-02-01,1900-01-01 23:59:00,0 days 23:59:00,86340.0,2,5,32,2,1,0
170,DD_185,2022-02-01,1900-01-01 00:17:00,2022-02-01,1900-01-01 23:47:00,0 days 23:30:00,84600.0,2,5,32,2,1,0
171,HD_022,2022-02-01,1900-01-01 00:00:00,2022-02-01,1900-01-01 23:59:00,0 days 23:59:00,86340.0,2,5,32,2,1,0
172,DD_126,2022-02-01,1900-01-01 00:00:00,2022-02-01,1900-01-01 15:14:00,0 days 15:14:00,54840.0,2,5,32,2,1,0
173,DD_234,2022-02-01,1900-01-01 00:21:00,2022-02-01,1900-01-01 23:59:00,0 days 23:38:00,85080.0,2,5,32,2,1,0
174,HD_023,2022-02-01,1900-01-01 00:03:00,2022-02-01,1900-01-01 23:55:00,0 days 23:52:00,85920.0,2,5,32,2,1,0
175,HD_023,2022-02-02,1900-01-01 00:01:00,2022-02-02,1900-01-01 23:23:00,0 days 23:22:00,84120.0,2,5,33,3,1,0
176,DD_234,2022-02-02,1900-01-01 00:00:00,2022-02-02,1900-01-01 23:59:00,0 days 23:59:00,86340.0,2,5,33,3,1,0
177,HD_022,2022-02-02,1900-01-01 00:00:00,2022-02-02,1900-01-01 23:58:00,0 days 23:58:00,86280.0,2,5,33,3,1,0
178,DD_185,2022-02-02,1900-01-01 00:16:00,2022-02-02,1900-01-01 23:59:00,0 days 23:43:00,85380.0,2,5,33,3,1,0
179,HD_024,2022-02-02,1900-01-01 00:00:00,2022-02-02,1900-01-01 23:59:00,0 days 23:59:00,86340.0,2,5,33,3,1,0
180,DD_126,2022-02-02,1900-01-01 04:12:00,2022-02-02,1900-01-01 23:54:00,0 days 19:42:00,70920.0,2,5,33,3,1,4
181,DD_126,2022-02-03,1900-01-01 00:15:00,2022-02-03,1900-01-01 23:59:00,0 days 23:44:00,85440.0,2,5,34,4,1,0
182,DD_234,2022-02-03,1900-01-01 00:00:00,2022-02-03,1900-01-01 23:59:00,0 days 23:59:00,86340.0,2,5,34,4,1,0
183,HD_022,2022-02-03,1900-01-01 00:00:00,2022-02-03,1900-01-01 23:59:00,0 days 23:59:00,86340.0,2,5,34,4,1,0
184,HD_024,2022-02-03,1900-01-01 00:00:00,2022-02-03,1900-01-01 23:59:00,0 days 23:59:00,86340.0,2,5,34,4,1,0
185,DD_185,2022-02-03,1900-01-01 00:00:00,2022-02-03,1900-01-01 23:59:00,0 days 23:59:00,86340.0,2,5,34,4,1,0
186,HD_023,2022-02-03,1900-01-01 00:00:00,2022-02-03,1900-01-01 23:59:00,0 days 23:59:00,86340.0,2,5,34,4,1,0
187,HD_022,2022-02-04,1900-01-01 00:00:00,2022-02-04,1900-01-01 23:59:00,0 days 23:59:00,86340.0,2,5,35,5,1,0
188,HD_023,2022-02-04,1900-01-01 00:00:00,2022-02-04,1900-01-01 23:58:00,0 days 23:58:00,86280.0,2,5,35,5,1,0
189,DD_126,2022-02-04,1900-01-01 00:00:00,2022-02-04,1900-01-01 23:59:00,0 days 23:59:00,86340.0,2,5,35,5,1,0
190,DD_185,2022-02-04,1900-01-01 00:00:00,2022-02-04,1900-01-01 23:59:00,0 days 23:59:00,86340.0,2,5,35,5,1,0
191,DD_234,2022-02-04,1900-01-01 00:00:00,2022-02-04,1900-01-01 23:59:00,0 days 23:59:00,86340.0,2,5,35,5,1,0
192,HD_024,2022-02-04,1900-01-01 00:01:00,2022-02-04,1900-01-01 23:59:00,0 days 23:58:00,86280.0,2,5,35,5,1,0
193,HD_023,2022-02-05,1900-01-01 00:01:00,2022-02-05,1900-01-01 15:42:00,0 days 15:41:00,56460.0,2,5,36,6,1,0
194,DD_185,2022-02-05,1900-01-01 00:00:00,2022-02-05,1900-01-01 23:59:00,0 days 23:59:00,86340.0,2,5,36,6,1,0
195,DD_126,2022-02-05,1900-01-01 00:00:00,2022-02-05,1900-01-01 23:59:00,0 days 23:59:00,86340.0,2,5,36,6,1,0
196,DD_234,2022-02-05,1900-01-01 00:00:00,2022-02-05,1900-01-01 23:59:00,0 days 23:59:00,86340.0,2,5,36,6,1,0
197,HD_022,2022-02-05,1900-01-01 00:00:00,2022-02-05,1900-01-01 23:58:00,0 days 23:58:00,86280.0,2,5,36,6,1,0
198,HD_024,2022-02-05,1900-01-01 00:00:00,2022-02-05,1900-01-01 23:59:00,0 days 23:59:00,86340.0,2,5,36,6,1,0
199,DD_126,2022-02-06,1900-01-01 00:00:00,2022-02-06,1900-01-01 23:59:00,0 days 23:59:00,86340.0,2,6,37,0,1,0
200,HD_024,2022-02-06,1900-01-01 00:00:00,2022-02-06,1900-01-01 23:59:00,0 days 23:59:00,86340.0,2,6,37,0,1,0
201,DD_185,2022-02-06,1900-01-01 00:00:00,2022-02-06,1900-01-01 23:59:00,0 days 23:59:00,86340.0,2,6,37,0,1,0
202,DD_234,2022-02-06,1900-01-01 00:00:00,2022-02-06,1900-01-01 23:59:00,0 days 23:59:00,86340.0,2,6,37,0,1,0
203,HD_022,2022-02-06,1900-01-01 00:00:00,2022-02-06,1900-01-01 23:59:00,0 days 23:59:00,86340.0,2,6,37,0,1,0
204,DD_185,2022-02-07,1900-01-01 00:00:00,2022-02-07,1900-01-01 23:59:00,0 days 23:59:00,86340.0,2,6,38,1,1,0
205,HD_024,2022-02-07,1900-01-01 00:00:00,2022-02-07,1900-01-01 23:59:00,0 days 23:59:00,86340.0,2,6,38,1,1,0
206,DD_126,2022-02-07,1900-01-01 00:00:00,2022-02-07,1900-01-01 23:59:00,0 days 23:59:00,86340.0,2,6,38,1,1,0
207,DD_234,2022-02-07,1900-01-01 00:00:00,2022-02-07,1900-01-01 23:59:00,0 days 23:59:00,86340.0,2,6,38,1,1,0
208,HD_022,2022-02-07,1900-01-01 00:00:00,2022-02-07,1900-01-01 23:52:00,0 days 23:52:00,85920.0,2,6,38,1,1,0
209,HD_023,2022-02-07,1900-01-01 09:51:00,2022-02-07,1900-01-01 20:14:00,0 days 10:23:00,37380.0,2,6,38,1,1,9
210,DD_234,2022-02-08,1900-01-01 00:00:00,2022-02-08,1900-01-01 23:59:00,0 days 23:59:00,86340.0,2,6,39,2,1,0
211,HD_022,2022-02-08,1900-01-01 00:09:00,2022-02-08,1900-01-01 23:59:00,0 days 23:50:00,85800.0,2,6,39,2,1,0
212,DD_185,2022-02-08,1900-01-01 00:00:00,2022-02-08,1900-01-01 23:59:00,0 days 23:59:00,86340.0,2,6,39,2,1,0
213,DD_126,2022-02-08,1900-01-01 00:00:00,2022-02-08,1900-01-01 23:59:00,0 days 23:59:00,86340.0,2,6,39,2,1,0
214,HD_024,2022-02-08,1900-01-01 00:04:00,2022-02-08,1900-01-01 23:59:00,0 days 23:55:00,86100.0,2,6,39,2,1,0
215,DD_185,2022-02-09,1900-01-01 00:00:00,2022-02-09,1900-01-01 23:59:00,0 days 23:59:00,86340.0,2,6,40,3,1,0
216,DD_126,2022-02-09,1900-01-01 00:00:00,2022-02-09,1900-01-01 23:59:00,0 days 23:59:00,86340.0,2,6,40,3,1,0
217,DD_234,2022-02-09,1900-01-01 00:00:00,2022-02-09,1900-01-01 23:59:00,0 days 23:59:00,86340.0,2,6,40,3,1,0
218,HD_024,2022-02-09,1900-01-01 00:00:00,2022-02-09,1900-01-01 23:59:00,0 days 23:59:00,86340.0,2,6,40,3,1,0
219,HD_022,2022-02-09,1900-01-01 00:00:00,2022-02-09,1900-01-01 23:58:00,0 days 23:58:00,86280.0,2,6,40,3,1,0
220,HD_023,2022-02-09,1900-01-01 11:03:00,2022-02-09,1900-01-01 23:58:00,0 days 12:55:00,46500.0,2,6,40,3,1,11
221,HD_024,2022-02-10,1900-01-01 00:00:00,2022-02-10,1900-01-01 23:58:00,0 days 23:58:00,86280.0,2,6,41,4,1,0
222,DD_185,2022-02-10,1900-01-01 00:00:00,2022-02-10,1900-01-01 23:59:00,0 days 23:59:00,86340.0,2,6,41,4,1,0
223,HD_023,2022-02-10,1900-01-01 00:03:00,2022-02-10,1900-01-01 23:58:00,0 days 23:55:00,86100.0,2,6,41,4,1,0
224,DD_126,2022-02-10,1900-01-01 00:00:00,2022-02-10,1900-01-01 23:59:00,0 days 23:59:00,86340.0,2,6,41,4,1,0
225,HD_022,2022-02-10,1900-01-01 00:00:00,2022-02-10,1900-01-01 23:59:00,0 days 23:59:00,86340.0,2,6,41,4,1,0
226,DD_234,2022-02-10,1900-01-01 00:00:00,2022-02-10,1900-01-01 23:59:00,0 days 23:59:00,86340.0,2,6,41,4,1,0
227,HD_022,2022-02-11,1900-01-01 00:00:00,2022-02-11,1900-01-01 23:56:00,0 days 23:56:00,86160.0,2,6,42,5,1,0
228,HD_023,2022-02-11,1900-01-01 00:02:00,2022-02-11,1900-01-01 23:58:00,0 days 23:56:00,86160.0,2,6,42,5,1,0
229,DD_234,2022-02-11,1900-01-01 00:00:00,2022-02-11,1900-01-01 23:59:00,0 days 23:59:00,86340.0,2,6,42,5,1,0
230,HD_024,2022-02-11,1900-01-01 00:00:00,2022-02-11,1900-01-01 23:58:00,0 days 23:58:00,86280.0,2,6,42,5,1,0
231,DD_126,2022-02-11,1900-01-01 00:00:00,2022-02-11,1900-01-01 23:59:00,0 days 23:59:00,86340.0,2,6,42,5,1,0
232,DD_185,2022-02-11,1900-01-01 00:00:00,2022-02-11,1900-01-01 23:59:00,0 days 23:59:00,86340.0,2,6,42,5,1,0
233,HD_024,2022-02-12,1900-01-01 00:00:00,2022-02-12,1900-01-01 23:59:00,0 days 23:59:00,86340.0,2,6,43,6,1,0
234,HD_023,2022-02-12,1900-01-01 00:00:00,2022-02-12,1900-01-01 08:47:00,0 days 08:47:00,31620.0,2,6,43,6,1,0
235,DD_126,2022-02-12,1900-01-01 00:00:00,2022-02-12,1900-01-01 23:59:00,0 days 23:59:00,86340.0,2,6,43,6,1,0
236,HD_022,2022-02-12,1900-01-01 00:06:00,2022-02-12,1900-01-01 23:59:00,0 days 23:53:00,85980.0,2,6,43,6,1,0
237,DD_185,2022-02-12,1900-01-01 00:00:00,2022-02-12,1900-01-01 23:59:00,0 days 23:59:00,86340.0,2,6,43,6,1,0
238,DD_234,2022-02-12,1900-01-01 00:00:00,2022-02-12,1900-01-01 23:59:00,0 days 23:59:00,86340.0,2,6,43,6,1,0
239,HD_024,2022-02-13,1900-01-01 00:00:00,2022-02-13,1900-01-01 23:59:00,0 days 23:59:00,86340.0,2,7,44,0,1,0
240,HD_022,2022-02-13,1900-01-01 00:00:00,2022-02-13,1900-01-01 23:53:00,0 days 23:53:00,85980.0,2,7,44,0,1,0
241,DD_185,2022-02-13,1900-01-01 00:00:00,2022-02-13,1900-01-01 23:53:00,0 days 23:53:00,85980.0,2,7,44,0,1,0
242,DD_234,2022-02-13,1900-01-01 00:00:00,2022-02-13,1900-01-01 23:59:00,0 days 23:59:00,86340.0,2,7,44,0,1,0
243,DD_126,2022-02-13,1900-01-01 00:01:00,2022-02-13,1900-01-01 23:59:00,0 days 23:58:00,86280.0,2,7,44,0,1,0
244,HD_024,2022-02-14,1900-01-01 00:00:00,2022-02-14,1900-01-01 23:45:00,0 days 23:45:00,85500.0,2,7,45,1,1,0
245,DD_126,2022-02-14,1900-01-01 00:00:00,2022-02-14,1900-01-01 23:59:00,0 days 23:59:00,86340.0,2,7,45,1,1,0
246,HD_023,2022-02-14,1900-01-01 14:04:00,2022-02-14,1900-01-01 14:44:00,0 days 00:40:00,2400.0,2,7,45,1,1,14
247,DD_185,2022-02-14,1900-01-01 00:01:00,2022-02-14,1900-01-01 23:56:00,0 days 23:55:00,86100.0,2,7,45,1,1,0
248,HD_022,2022-02-14,1900-01-01 00:00:00,2022-02-14,1900-01-01 23:59:00,0 days 23:59:00,86340.0,2,7,45,1,1,0
249,DD_234,2022-02-14,1900-01-01 00:00:00,2022-02-14,1900-01-01 23:59:00,0 days 23:59:00,86340.0,2,7,45,1,1,0
250,HD_022,2022-02-15,1900-01-01 00:01:00,2022-02-15,1900-01-01 23:55:00,0 days 23:54:00,86040.0,2,7,46,2,1,0
251,DD_185,2022-02-15,1900-01-01 00:04:00,2022-02-15,1900-01-01 23:57:00,0 days 23:53:00,85980.0,2,7,46,2,1,0
252,HD_023,2022-02-15,1900-01-01 08:15:00,2022-02-15,1900-01-01 23:59:00,0 days 15:44:00,56640.0,2,7,46,2,1,8
253,DD_234,2022-02-15,1900-01-01 00:00:00,2022-02-15,1900-01-01 23:59:00,0 days 23:59:00,86340.0,2,7,46,2,1,0
254,DD_126,2022-02-15,1900-01-01 00:00:00,2022-02-15,1900-01-01 23:59:00,0 days 23:59:00,86340.0,2,7,46,2,1,0
255,HD_024,2022-02-15,1900-01-01 00:22:00,2022-02-15,1900-01-01 23:59:00,0 days 23:37:00,85020.0,2,7,46,2,1,0
256,HD_022,2022-02-16,1900-01-01 00:00:00,2022-02-16,1900-01-01 23:57:00,0 days 23:57:00,86220.0,2,7,47,3,1,0
257,HD_024,2022-02-16,1900-01-01 00:00:00,2022-02-16,1900-01-01 23:54:00,0 days 23:54:00,86040.0,2,7,47,3,1,0
258,DD_185,2022-02-16,1900-01-01 00:03:00,2022-02-16,1900-01-01 23:59:00,0 days 23:56:00,86160.0,2,7,47,3,1,0
259,DD_126,2022-02-16,1900-01-01 00:00:00,2022-02-16,1900-01-01 23:59:00,0 days 23:59:00,86340.0,2,7,47,3,1,0
260,DD_234,2022-02-16,1900-01-01 00:00:00,2022-02-16,1900-01-01 23:59:00,0 days 23:59:00,86340.0,2,7,47,3,1,0
261,HD_023,2022-02-16,1900-01-01 00:00:00,2022-02-16,1900-01-01 23:58:00,0 days 23:58:00,86280.0,2,7,47,3,1,0
262,HD_023,2022-02-17,1900-01-01 00:00:00,2022-02-17,1900-01-01 23:59:00,0 days 23:59:00,86340.0,2,7,48,4,1,0
263,HD_022,2022-02-17,1900-01-01 00:01:00,2022-02-17,1900-01-01 23:46:00,0 days 23:45:00,85500.0,2,7,48,4,1,0
264,DD_126,2022-02-17,1900-01-01 00:00:00,2022-02-17,1900-01-01 23:59:00,0 days 23:59:00,86340.0,2,7,48,4,1,0
265,HD_024,2022-02-17,1900-01-01 00:02:00,2022-02-17,1900-01-01 23:59:00,0 days 23:57:00,86220.0,2,7,48,4,1,0
266,DD_234,2022-02-17,1900-01-01 00:00:00,2022-02-17,1900-01-01 23:59:00,0 days 23:59:00,86340.0,2,7,48,4,1,0
267,DD_185,2022-02-17,1900-01-01 00:00:00,2022-02-17,1900-01-01 23:59:00,0 days 23:59:00,86340.0,2,7,48,4,1,0
268,HD_022,2022-02-18,1900-01-01 00:15:00,2022-02-18,1900-01-01 23:59:00,0 days 23:44:00,85440.0,2,7,49,5,1,0
269,HD_023,2022-02-18,1900-01-01 00:00:00,2022-02-18,1900-01-01 16:00:00,0 days 16:00:00,57600.0,2,7,49,5,1,0
270,HD_024,2022-02-18,1900-01-01 00:00:00,2022-02-18,1900-01-01 23:59:00,0 days 23:59:00,86340.0,2,7,49,5,1,0
271,DD_185,2022-02-18,1900-01-01 00:00:00,2022-02-18,1900-01-01 23:54:00,0 days 23:54:00,86040.0,2,7,49,5,1,0
272,DD_126,2022-02-18,1900-01-01 00:00:00,2022-02-18,1900-01-01 23:51:00,0 days 23:51:00,85860.0,2,7,49,5,1,0
273,DD_234,2022-02-18,1900-01-01 00:00:00,2022-02-18,1900-01-01 23:59:00,0 days 23:59:00,86340.0,2,7,49,5,1,0
274,HD_024,2022-02-19,1900-01-01 00:00:00,2022-02-19,1900-01-01 23:59:00,0 days 23:59:00,86340.0,2,7,50,6,1,0
275,DD_126,2022-02-19,1900-01-01 00:12:00,2022-02-19,1900-01-01 23:58:00,0 days 23:46:00,85560.0,2,7,50,6,1,0
276,DD_185,2022-02-19,1900-01-01 00:10:00,2022-02-19,1900-01-01 23:58:00,0 days 23:48:00,85680.0,2,7,50,6,1,0
277,DD_234,2022-02-19,1900-01-01 00:00:00,2022-02-19,1900-01-01 23:59:00,0 days 23:59:00,86340.0,2,7,50,6,1,0
278,HD_022,2022-02-19,1900-01-01 00:01:00,2022-02-19,1900-01-01 23:59:00,0 days 23:58:00,86280.0,2,7,50,6,1,0
279,DD_126,2022-02-20,1900-01-01 00:02:00,2022-02-20,1900-01-01 23:49:00,0 days 23:47:00,85620.0,2,8,51,0,1,0
280,DD_185,2022-02-20,1900-01-01 00:02:00,2022-02-20,1900-01-01 23:59:00,0 days 23:57:00,86220.0,2,8,51,0,1,0
281,DD_234,2022-02-20,1900-01-01 00:00:00,2022-02-20,1900-01-01 23:59:00,0 days 23:59:00,86340.0,2,8,51,0,1,0
282,HD_023,2022-02-20,1900-01-01 08:31:00,2022-02-20,1900-01-01 16:49:00,0 days 08:18:00,29880.0,2,8,51,0,1,8
283,HD_024,2022-02-20,1900-01-01 00:00:00,2022-02-20,1900-01-01 23:58:00,0 days 23:58:00,86280.0,2,8,51,0,1,0
284,HD_022,2022-02-20,1900-01-01 00:00:00,2022-02-20,1900-01-01 23:59:00,0 days 23:59:00,86340.0,2,8,51,0,1,0
285,DD_126,2022-02-21,1900-01-01 00:10:00,2022-02-21,1900-01-01 23:53:00,0 days 23:43:00,85380.0,2,8,52,1,1,0
286,DD_234,2022-02-21,1900-01-01 00:00:00,2022-02-21,1900-01-01 23:59:00,0 days 23:59:00,86340.0,2,8,52,1,1,0
287,DD_185,2022-02-21,1900-01-01 00:00:00,2022-02-21,1900-01-01 23:59:00,0 days 23:59:00,86340.0,2,8,52,1,1,0
288,HD_023,2022-02-21,1900-01-01 09:59:00,2022-02-21,1900-01-01 23:27:00,0 days 13:28:00,48480.0,2,8,52,1,1,9
289,HD_024,2022-02-21,1900-01-01 00:00:00,2022-02-21,1900-01-01 23:59:00,0 days 23:59:00,86340.0,2,8,52,1,1,0
290,HD_022,2022-02-21,1900-01-01 00:00:00,2022-02-21,1900-01-01 23:53:00,0 days 23:53:00,85980.0,2,8,52,1,1,0
291,HD_024,2022-02-22,1900-01-01 00:00:00,2022-02-22,1900-01-01 23:53:00,0 days 23:53:00,85980.0,2,8,53,2,1,0
292,HD_022,2022-02-22,1900-01-01 00:18:00,2022-02-22,1900-01-01 23:52:00,0 days 23:34:00,84840.0,2,8,53,2,1,0
293,DD_126,2022-02-22,1900-01-01 00:15:00,2022-02-22,1900-01-01 23:58:00,0 days 23:43:00,85380.0,2,8,53,2,1,0
294,DD_234,2022-02-22,1900-01-01 00:00:00,2022-02-22,1900-01-01 23:59:00,0 days 23:59:00,86340.0,2,8,53,2,1,0
295,DD_185,2022-02-22,1900-01-01 00:00:00,2022-02-22,1900-01-01 23:59:00,0 days 23:59:00,86340.0,2,8,53,2,1,0
296,HD_023,2022-02-22,1900-01-01 08:47:00,2022-02-22,1900-01-01 23:59:00,0 days 15:12:00,54720.0,2,8,53,2,1,8
297,DD_126,2022-02-23,1900-01-01 00:00:00,2022-02-23,1900-01-01 23:59:00,0 days 23:59:00,86340.0,2,8,54,3,1,0
298,HD_022,2022-02-23,1900-01-01 00:14:00,2022-02-23,1900-01-01 23:52:00,0 days 23:38:00,85080.0,2,8,54,3,1,0
299,HD_023,2022-02-23,1900-01-01 00:04:00,2022-02-23,1900-01-01 23:59:00,0 days 23:55:00,86100.0,2,8,54,3,1,0
300,HD_024,2022-02-23,1900-01-01 00:14:00,2022-02-23,1900-01-01 23:58:00,0 days 23:44:00,85440.0,2,8,54,3,1,0
301,DD_234,2022-02-23,1900-01-01 00:00:00,2022-02-23,1900-01-01 23:59:00,0 days 23:59:00,86340.0,2,8,54,3,1,0
302,DD_185,2022-02-23,1900-01-01 00:00:00,2022-02-23,1900-01-01 23:59:00,0 days 23:59:00,86340.0,2,8,54,3,1,0
303,DD_185,2022-02-24,1900-01-01 00:00:00,2022-02-24,1900-01-01 23:57:00,0 days 23:57:00,86220.0,2,8,55,4,1,0
304,HD_023,2022-02-24,1900-01-01 00:00:00,2022-02-24,1900-01-01 23:59:00,0 days 23:59:00,86340.0,2,8,55,4,1,0
305,HD_024,2022-02-24,1900-01-01 00:10:00,2022-02-24,1900-01-01 23:59:00,0 days 23:49:00,85740.0,2,8,55,4,1,0
306,DD_234,2022-02-24,1900-01-01 00:00:00,2022-02-24,1900-01-01 23:59:00,0 days 23:59:00,86340.0,2,8,55,4,1,0
307,HD_022,2022-02-24,1900-01-01 00:01:00,2022-02-24,1900-01-01 23:54:00,0 days 23:53:00,85980.0,2,8,55,4,1,0
308,DD_126,2022-02-24,1900-01-01 00:00:00,2022-02-24,1900-01-01 23:59:00,0 days 23:59:00,86340.0,2,8,55,4,1,0
309,DD_185,2022-02-25,1900-01-01 00:01:00,2022-02-25,1900-01-01 23:59:00,0 days 23:58:00,86280.0,2,8,56,5,1,0
310,DD_234,2022-02-25,1900-01-01 00:00:00,2022-02-25,1900-01-01 23:59:00,0 days 23:59:00,86340.0,2,8,56,5,1,0
311,HD_024,2022-02-25,1900-01-01 00:00:00,2022-02-25,1900-01-01 23:56:00,0 days 23:56:00,86160.0,2,8,56,5,1,0
312,DD_126,2022-02-25,1900-01-01 00:00:00,2022-02-25,1900-01-01 23:59:00,0 days 23:59:00,86340.0,2,8,56,5,1,0
313,HD_022,2022-02-25,1900-01-01 00:00:00,2022-02-25,1900-01-01 23:58:00,0 days 23:58:00,86280.0,2,8,56,5,1,0
314,HD_023,2022-02-25,1900-01-01 00:00:00,2022-02-25,1900-01-01 18:40:00,0 days 18:40:00,67200.0,2,8,56,5,1,0
315,HD_024,2022-02-26,1900-01-01 00:05:00,2022-02-26,1900-01-01 23:59:00,0 days 23:54:00,86040.0,2,8,57,6,1,0
316,HD_022,2022-02-26,1900-01-01 00:05:00,2022-02-26,1900-01-01 23:56:00,0 days 23:51:00,85860.0,2,8,57,6,1,0
317,DD_234,2022-02-26,1900-01-01 00:00:00,2022-02-26,1900-01-01 23:59:00,0 days 23:59:00,86340.0,2,8,57,6,1,0
318,DD_185,2022-02-26,1900-01-01 00:00:00,2022-02-26,1900-01-01 23:54:00,0 days 23:54:00,86040.0,2,8,57,6,1,0
319,HD_023,2022-02-26,1900-01-01 00:26:00,2022-02-26,1900-01-01 23:59:00,0 days 23:33:00,84780.0,2,8,57,6,1,0
320,DD_126,2022-02-26,1900-01-01 00:00:00,2022-02-26,1900-01-01 23:49:00,0 days 23:49:00,85740.0,2,8,57,6,1,0
321,DD_185,2022-02-27,1900-01-01 00:01:00,2022-02-27,1900-01-01 23:59:00,0 days 23:58:00,86280.0,2,9,58,0,1,0
322,DD_126,2022-02-27,1900-01-01 00:14:00,2022-02-27,1900-01-01 23:59:00,0 days 23:45:00,85500.0,2,9,58,0,1,0
323,HD_023,2022-02-27,1900-01-01 00:00:00,2022-02-27,1900-01-01 23:59:00,0 days 23:59:00,86340.0,2,9,58,0,1,0
324,DD_234,2022-02-27,1900-01-01 00:00:00,2022-02-27,1900-01-01 23:59:00,0 days 23:59:00,86340.0,2,9,58,0,1,0
325,HD_024,2022-02-27,1900-01-01 00:00:00,2022-02-27,1900-01-01 23:59:00,0 days 23:59:00,86340.0,2,9,58,0,1,0
326,HD_022,2022-02-27,1900-01-01 00:05:00,2022-02-27,1900-01-01 23:59:00,0 days 23:54:00,86040.0,2,9,58,0,1,0
327,HD_024,2022-02-28,1900-01-01 00:00:00,2022-02-28,1900-01-01 23:51:00,0 days 23:51:00,85860.0,2,9,59,1,1,0
328,DD_185,2022-02-28,1900-01-01 00:00:00,2022-02-28,1900-01-01 23:59:00,0 days 23:59:00,86340.0,2,9,59,1,1,0
329,HD_022,2022-02-28,1900-01-01 00:00:00,2022-02-28,1900-01-01 23:59:00,0 days 23:59:00,86340.0,2,9,59,1,1,0
330,HD_023,2022-02-28,1900-01-01 00:00:00,2022-02-28,1900-01-01 23:41:00,0 days 23:41:00,85260.0,2,9,59,1,1,0
331,DD_126,2022-02-28,1900-01-01 00:00:00,2022-02-28,1900-01-01 23:59:00,0 days 23:59:00,86340.0,2,9,59,1,1,0
332,DD_234,2022-02-28,1900-01-01 00:00:00,2022-02-28,1900-01-01 23:59:00,0 days 23:59:00,86340.0,2,9,59,1,1,0
333,HD_024,2022-03-01,1900-01-01 00:03:00,2022-03-01,1900-01-01 23:59:00,0 days 23:56:00,86160.0,3,9,60,2,1,0
334,HD_022,2022-03-01,1900-01-01 00:01:00,2022-03-01,1900-01-01 23:59:00,0 days 23:58:00,86280.0,3,9,60,2,1,0
335,DD_185,2022-03-01,1900-01-01 00:00:00,2022-03-01,1900-01-01 23:56:00,0 days 23:56:00,86160.0,3,9,60,2,1,0
336,DD_234,2022-03-01,1900-01-01 00:00:00,2022-03-01,1900-01-01 23:59:00,0 days 23:59:00,86340.0,3,9,60,2,1,0
337,HD_023,2022-03-01,1900-01-01 00:39:00,2022-03-01,1900-01-01 23:59:00,0 days 23:20:00,84000.0,3,9,60,2,1,0
338,DD_126,2022-03-01,1900-01-01 00:00:00,2022-03-01,1900-01-01 23:59:00,0 days 23:59:00,86340.0,3,9,60,2,1,0
339,DD_185,2022-03-02,1900-01-01 00:01:00,2022-03-02,1900-01-01 23:59:00,0 days 23:58:00,86280.0,3,9,61,3,1,0
340,DD_126,2022-03-02,1900-01-01 00:00:00,2022-03-02,1900-01-01 23:59:00,0 days 23:59:00,86340.0,3,9,61,3,1,0
341,HD_023,2022-03-02,1900-01-01 00:00:00,2022-03-02,1900-01-01 17:24:00,0 days 17:24:00,62640.0,3,9,61,3,1,0
342,DD_234,2022-03-02,1900-01-01 00:00:00,2022-03-02,1900-01-01 23:59:00,0 days 23:59:00,86340.0,3,9,61,3,1,0
343,HD_024,2022-03-02,1900-01-01 00:00:00,2022-03-02,1900-01-01 23:59:00,0 days 23:59:00,86340.0,3,9,61,3,1,0
344,HD_022,2022-03-02,1900-01-01 00:01:00,2022-03-02,1900-01-01 23:52:00,0 days 23:51:00,85860.0,3,9,61,3,1,0
345,HD_022,2022-03-03,1900-01-01 00:05:00,2022-03-03,1900-01-01 23:53:00,0 days 23:48:00,85680.0,3,9,62,4,1,0
346,HD_023,2022-03-03,1900-01-01 09:51:00,2022-03-03,1900-01-01 14:56:00,0 days 05:05:00,18300.0,3,9,62,4,1,9
347,DD_126,2022-03-03,1900-01-01 00:00:00,2022-03-03,1900-01-01 23:59:00,0 days 23:59:00,86340.0,3,9,62,4,1,0
348,HD_024,2022-03-03,1900-01-01 00:00:00,2022-03-03,1900-01-01 23:52:00,0 days 23:52:00,85920.0,3,9,62,4,1,0
349,DD_185,2022-03-03,1900-01-01 00:00:00,2022-03-03,1900-01-01 23:59:00,0 days 23:59:00,86340.0,3,9,62,4,1,0
350,DD_234,2022-03-03,1900-01-01 00:00:00,2022-03-03,1900-01-01 23:58:00,0 days 23:58:00,86280.0,3,9,62,4,1,0
351,HD_022,2022-03-04,1900-01-01 00:09:00,2022-03-04,1900-01-01 23:56:00,0 days 23:47:00,85620.0,3,9,63,5,1,0
352,HD_023,2022-03-04,1900-01-01 07:49:00,2022-03-04,1900-01-01 09:32:00,0 days 01:43:00,6180.0,3,9,63,5,1,7
353,DD_126,2022-03-04,1900-01-01 00:00:00,2022-03-04,1900-01-01 23:58:00,0 days 23:58:00,86280.0,3,9,63,5,1,0
354,DD_185,2022-03-04,1900-01-01 00:00:00,2022-03-04,1900-01-01 23:59:00,0 days 23:59:00,86340.0,3,9,63,5,1,0
355,HD_024,2022-03-04,1900-01-01 00:09:00,2022-03-04,1900-01-01 23:59:00,0 days 23:50:00,85800.0,3,9,63,5,1,0
356,DD_234,2022-03-04,1900-01-01 00:00:00,2022-03-04,1900-01-01 23:59:00,0 days 23:59:00,86340.0,3,9,63,5,1,0
357,HD_022,2022-03-05,1900-01-01 00:04:00,2022-03-05,1900-01-01 23:59:00,0 days 23:55:00,86100.0,3,9,64,6,1,0
358,DD_126,2022-03-05,1900-01-01 00:00:00,2022-03-05,1900-01-01 23:59:00,0 days 23:59:00,86340.0,3,9,64,6,1,0
359,HD_024,2022-03-05,1900-01-01 00:00:00,2022-03-05,1900-01-01 23:59:00,0 days 23:59:00,86340.0,3,9,64,6,1,0
360,DD_234,2022-03-05,1900-01-01 00:00:00,2022-03-05,1900-01-01 23:48:00,0 days 23:48:00,85680.0,3,9,64,6,1,0
361,DD_185,2022-03-05,1900-01-01 00:02:00,2022-03-05,1900-01-01 23:57:00,0 days 23:55:00,86100.0,3,9,64,6,1,0
362,DD_126,2022-03-06,1900-01-01 00:00:00,2022-03-06,1900-01-01 23:49:00,0 days 23:49:00,85740.0,3,10,65,0,1,0
363,DD_185,2022-03-06,1900-01-01 00:10:00,2022-03-06,1900-01-01 23:59:00,0 days 23:49:00,85740.0,3,10,65,0,1,0
364,HD_024,2022-03-06,1900-01-01 00:00:00,2022-03-06,1900-01-01 23:47:00,0 days 23:47:00,85620.0,3,10,65,0,1,0
365,HD_023,2022-03-06,1900-01-01 20:41:00,2022-03-06,1900-01-01 23:59:00,0 days 03:18:00,11880.0,3,10,65,0,1,20
366,HD_022,2022-03-06,1900-01-01 00:00:00,2022-03-06,1900-01-01 23:48:00,0 days 23:48:00,85680.0,3,10,65,0,1,0
367,DD_234,2022-03-06,1900-01-01 00:20:00,2022-03-06,1900-01-01 23:59:00,0 days 23:39:00,85140.0,3,10,65,0,1,0
368,HD_023,2022-03-07,1900-01-01 00:00:00,2022-03-07,1900-01-01 07:18:00,0 days 07:18:00,26280.0,3,10,66,1,1,0
369,HD_022,2022-03-07,1900-01-01 00:04:00,2022-03-07,1900-01-01 23:56:00,0 days 23:52:00,85920.0,3,10,66,1,1,0
370,DD_126,2022-03-07,1900-01-01 00:11:00,2022-03-07,1900-01-01 23:55:00,0 days 23:44:00,85440.0,3,10,66,1,1,0
371,DD_234,2022-03-07,1900-01-01 00:00:00,2022-03-07,1900-01-01 23:59:00,0 days 23:59:00,86340.0,3,10,66,1,1,0
372,HD_024,2022-03-07,1900-01-01 00:03:00,2022-03-07,1900-01-01 23:58:00,0 days 23:55:00,86100.0,3,10,66,1,1,0
373,DD_185,2022-03-07,1900-01-01 00:00:00,2022-03-07,1900-01-01 23:55:00,0 days 23:55:00,86100.0,3,10,66,1,1,0
374,DD_126,2022-03-08,1900-01-01 00:18:00,2022-03-08,1900-01-01 23:47:00,0 days 23:29:00,84540.0,3,10,67,2,1,0
375,HD_022,2022-03-08,1900-01-01 00:12:00,2022-03-08,1900-01-01 23:23:00,0 days 23:11:00,83460.0,3,10,67,2,1,0
376,HD_024,2022-03-08,1900-01-01 00:14:00,2022-03-08,1900-01-01 23:58:00,0 days 23:44:00,85440.0,3,10,67,2,1,0
377,DD_185,2022-03-08,1900-01-01 00:00:00,2022-03-08,1900-01-01 23:53:00,0 days 23:53:00,85980.0,3,10,67,2,1,0
378,DD_234,2022-03-08,1900-01-01 00:00:00,2022-03-08,1900-01-01 23:59:00,0 days 23:59:00,86340.0,3,10,67,2,1,0
379,HD_024,2022-03-09,1900-01-01 00:02:00,2022-03-09,1900-01-01 23:59:00,0 days 23:57:00,86220.0,3,10,68,3,1,0
380,DD_126,2022-03-09,1900-01-01 00:09:00,2022-03-09,1900-01-01 23:59:00,0 days 23:50:00,85800.0,3,10,68,3,1,0
381,DD_234,2022-03-09,1900-01-01 00:00:00,2022-03-09,1900-01-01 23:59:00,0 days 23:59:00,86340.0,3,10,68,3,1,0
382,HD_022,2022-03-09,1900-01-01 00:17:00,2022-03-09,1900-01-01 23:54:00,0 days 23:37:00,85020.0,3,10,68,3,1,0
383,DD_185,2022-03-09,1900-01-01 00:04:00,2022-03-09,1900-01-01 23:59:00,0 days 23:55:00,86100.0,3,10,68,3,1,0
384,HD_023,2022-03-10,1900-01-01 07:45:00,2022-03-10,1900-01-01 15:57:00,0 days 08:12:00,29520.0,3,10,69,4,1,7
385,DD_234,2022-03-10,1900-01-01 00:00:00,2022-03-10,1900-01-01 23:53:00,0 days 23:53:00,85980.0,3,10,69,4,1,0
386,HD_022,2022-03-10,1900-01-01 00:08:00,2022-03-10,1900-01-01 23:57:00,0 days 23:49:00,85740.0,3,10,69,4,1,0
387,DD_185,2022-03-10,1900-01-01 00:00:00,2022-03-10,1900-01-01 23:55:00,0 days 23:55:00,86100.0,3,10,69,4,1,0
388,DD_126,2022-03-10,1900-01-01 00:00:00,2022-03-10,1900-01-01 23:59:00,0 days 23:59:00,86340.0,3,10,69,4,1,0
389,HD_024,2022-03-10,1900-01-01 00:12:00,2022-03-10,1900-01-01 23:59:00,0 days 23:47:00,85620.0,3,10,69,4,1,0
390,DD_185,2022-03-11,1900-01-01 00:04:00,2022-03-11,1900-01-01 09:12:00,0 days 09:08:00,32880.0,3,10,70,5,1,0
391,DD_126,2022-03-11,1900-01-01 00:00:00,2022-03-11,1900-01-01 09:33:00,0 days 09:33:00,34380.0,3,10,70,5,1,0
392,DD_234,2022-03-11,1900-01-01 00:23:00,2022-03-11,1900-01-01 09:26:00,0 days 09:03:00,32580.0,3,10,70,5,1,0
393,HD_023,2022-03-11,1900-01-01 07:25:00,2022-03-11,1900-01-01 09:18:00,0 days 01:53:00,6780.0,3,10,70,5,1,7
394,HD_022,2022-03-11,1900-01-01 00:00:00,2022-03-11,1900-01-01 23:58:00,0 days 23:58:00,86280.0,3,10,70,5,1,0
395,HD_024,2022-03-11,1900-01-01 00:00:00,2022-03-11,1900-01-01 09:23:00,0 days 09:23:00,33780.0,3,10,70,5,1,0
396,HD_022,2022-03-12,1900-01-01 00:03:00,2022-03-12,1900-01-01 23:59:00,0 days 23:56:00,86160.0,3,10,71,6,1,0
397,HD_022,2022-03-13,1900-01-01 00:00:00,2022-03-13,1900-01-01 23:59:00,0 days 23:59:00,86340.0,3,11,72,0,1,0
398,HD_022,2022-03-14,1900-01-01 00:00:00,2022-03-14,1900-01-01 23:58:00,0 days 23:58:00,86280.0,3,11,73,1,1,0
399,HD_022,2022-03-15,1900-01-01 00:00:00,2022-03-15,1900-01-01 23:54:00,0 days 23:54:00,86040.0,3,11,74,2,1,0
400,HD_022,2022-03-16,1900-01-01 00:05:00,2022-03-16,1900-01-01 23:57:00,0 days 23:52:00,85920.0,3,11,75,3,1,0
401,HD_022,2022-03-17,1900-01-01 00:02:00,2022-03-17,1900-01-01 23:59:00,0 days 23:57:00,86220.0,3,11,76,4,1,0
402,HD_022,2022-03-18,1900-01-01 00:00:00,2022-03-18,1900-01-01 23:58:00,0 days 23:58:00,86280.0,3,11,77,5,1,0
403,HD_022,2022-03-19,1900-01-01 00:07:00,2022-03-19,1900-01-01 23:59:00,0 days 23:52:00,85920.0,3,11,78,6,1,0
404,HD_022,2022-03-20,1900-01-01 00:00:00,2022-03-20,1900-01-01 23:52:00,0 days 23:52:00,85920.0,3,12,79,0,1,0
405,HD_022,2022-03-21,1900-01-01 00:02:00,2022-03-21,1900-01-01 23:54:00,0 days 23:52:00,85920.0,3,12,80,1,1,0
406,HD_022,2022-03-22,1900-01-01 00:08:00,2022-03-22,1900-01-01 16:06:00,0 days 15:58:00,57480.0,3,12,81,2,1,0
407,HD_022,2022-03-23,1900-01-01 08:31:00,2022-03-23,1900-01-01 15:55:00,0 days 07:24:00,26640.0,3,12,82,3,1,8
408,HD_022,2022-03-24,1900-01-01 13:49:00,2022-03-24,1900-01-01 13:50:00,0 days 00:01:00,60.0,3,12,83,4,1,13
409,HD_022,2022-03-25,1900-01-01 08:43:00,2022-03-25,1900-01-01 23:54:00,0 days 15:11:00,54660.0,3,12,84,5,1,8
410,HD_022,2022-03-26,1900-01-01 00:07:00,2022-03-26,1900-01-01 23:55:00,0 days 23:48:00,85680.0,3,12,85,6,1,0
411,HD_022,2022-03-27,1900-01-01 00:06:00,2022-03-27,1900-01-01 23:55:00,0 days 23:49:00,85740.0,3,13,86,0,1,0
412,HD_022,2022-03-28,1900-01-01 00:09:00,2022-03-28,1900-01-01 23:55:00,0 days 23:46:00,85560.0,3,13,87,1,1,0
413,HD_022,2022-03-29,1900-01-01 00:00:00,2022-03-29,1900-01-01 23:58:00,0 days 23:58:00,86280.0,3,13,88,2,1,0
414,HD_022,2022-03-30,1900-01-01 00:00:00,2022-03-30,1900-01-01 23:28:00,0 days 23:28:00,84480.0,3,13,89,3,1,0
415,HD_022,2022-03-31,1900-01-01 00:10:00,2022-03-31,1900-01-01 23:57:00,0 days 23:47:00,85620.0,3,13,90,4,1,0
416,HD_022,2022-04-01,1900-01-01 00:00:00,2022-04-01,1900-01-01 23:54:00,0 days 23:54:00,86040.0,4,13,91,5,2,0
417,HD_022,2022-04-02,1900-01-01 00:12:00,2022-04-02,1900-01-01 21:09:00,0 days 20:57:00,75420.0,4,13,92,6,2,0
418,HD_022,2022-04-05,1900-01-01 09:15:00,2022-04-05,1900-01-01 23:09:00,0 days 13:54:00,50040.0,4,14,95,2,2,9
419,HD_022,2022-04-06,1900-01-01 00:17:00,2022-04-06,1900-01-01 23:55:00,0 days 23:38:00,85080.0,4,14,96,3,2,0
420,HD_022,2022-04-07,1900-01-01 00:04:00,2022-04-07,1900-01-01 23:58:00,0 days 23:54:00,86040.0,4,14,97,4,2,0
421,HD_022,2022-04-08,1900-01-01 00:01:00,2022-04-08,1900-01-01 23:57:00,0 days 23:56:00,86160.0,4,14,98,5,2,0
422,HD_022,2022-04-09,1900-01-01 00:11:00,2022-04-09,1900-01-01 23:53:00,0 days 23:42:00,85320.0,4,14,99,6,2,0
423,HD_022,2022-04-10,1900-01-01 00:03:00,2022-04-10,1900-01-01 23:59:00,0 days 23:56:00,86160.0,4,15,100,0,2,0
424,HD_022,2022-04-11,1900-01-01 00:00:00,2022-04-11,1900-01-01 23:58:00,0 days 23:58:00,86280.0,4,15,101,1,2,0
425,HD_022,2022-04-12,1900-01-01 00:03:00,2022-04-12,1900-01-01 23:55:00,0 days 23:52:00,85920.0,4,15,102,2,2,0
426,HD_022,2022-04-13,1900-01-01 00:15:00,2022-04-13,1900-01-01 23:58:00,0 days 23:43:00,85380.0,4,15,103,3,2,0
427,HD_022,2022-04-14,1900-01-01 00:17:00,2022-04-14,1900-01-01 23:57:00,0 days 23:40:00,85200.0,4,15,104,4,2,0
428,HD_022,2022-04-15,1900-01-01 00:01:00,2022-04-15,1900-01-01 23:59:00,0 days 23:58:00,86280.0,4,15,105,5,2,0
429,HD_022,2022-04-16,1900-01-01 00:04:00,2022-04-16,1900-01-01 23:58:00,0 days 23:54:00,86040.0,4,15,106,6,2,0
430,HD_022,2022-04-17,1900-01-01 00:09:00,2022-04-17,1900-01-01 23:56:00,0 days 23:47:00,85620.0,4,16,107,0,2,0
431,HD_022,2022-04-18,1900-01-01 00:00:00,2022-04-18,1900-01-01 23:59:00,0 days 23:59:00,86340.0,4,16,108,1,2,0
432,HD_022,2022-04-19,1900-01-01 00:00:00,2022-04-19,1900-01-01 23:55:00,0 days 23:55:00,86100.0,4,16,109,2,2,0
433,HD_022,2022-04-20,1900-01-01 00:08:00,2022-04-20,1900-01-01 09:57:00,0 days 09:49:00,35340.0,4,16,110,3,2,0
434,DD_126,2022-05-16,1900-01-01 15:54:00,2022-05-16,1900-01-01 23:59:00,0 days 08:05:00,29100.0,5,20,136,1,2,15
435,DD_234,2022-05-16,1900-01-01 15:56:00,2022-05-16,1900-01-01 23:59:00,0 days 08:03:00,28980.0,5,20,136,1,2,15
436,DD_126,2022-05-17,1900-01-01 00:00:00,2022-05-17,1900-01-01 23:59:00,0 days 23:59:00,86340.0,5,20,137,2,2,0
437,HD_022,2022-05-17,1900-01-01 10:02:00,2022-05-17,1900-01-01 23:20:00,0 days 13:18:00,47880.0,5,20,137,2,2,10
438,DD_234,2022-05-17,1900-01-01 00:00:00,2022-05-17,1900-01-01 23:58:00,0 days 23:58:00,86280.0,5,20,137,2,2,0
439,DD_126,2022-05-18,1900-01-01 00:00:00,2022-05-18,1900-01-01 23:59:00,0 days 23:59:00,86340.0,5,20,138,3,2,0
440,DD_234,2022-05-18,1900-01-01 00:00:00,2022-05-18,1900-01-01 23:59:00,0 days 23:59:00,86340.0,5,20,138,3,2,0
441,HD_022,2022-05-18,1900-01-01 01:04:00,2022-05-18,1900-01-01 23:57:00,0 days 22:53:00,82380.0,5,20,138,3,2,1
442,HD_022,2022-05-19,1900-01-01 00:00:00,2022-05-19,1900-01-01 19:22:00,0 days 19:22:00,69720.0,5,20,139,4,2,0
443,DD_234,2022-05-19,1900-01-01 00:00:00,2022-05-19,1900-01-01 23:59:00,0 days 23:59:00,86340.0,5,20,139,4,2,0
444,DD_126,2022-05-19,1900-01-01 00:00:00,2022-05-19,1900-01-01 23:59:00,0 days 23:59:00,86340.0,5,20,139,4,2,0
445,DD_126,2022-05-20,1900-01-01 00:00:00,2022-05-20,1900-01-01 23:59:00,0 days 23:59:00,86340.0,5,20,140,5,2,0
446,DD_234,2022-05-20,1900-01-01 00:00:00,2022-05-20,1900-01-01 23:59:00,0 days 23:59:00,86340.0,5,20,140,5,2,0
447,HD_022,2022-05-20,1900-01-01 04:09:00,2022-05-20,1900-01-01 23:53:00,0 days 19:44:00,71040.0,5,20,140,5,2,4
448,DD_234,2022-05-21,1900-01-01 00:00:00,2022-05-21,1900-01-01 23:59:00,0 days 23:59:00,86340.0,5,20,141,6,2,0
449,HD_022,2022-05-21,1900-01-01 00:02:00,2022-05-21,1900-01-01 23:59:00,0 days 23:57:00,86220.0,5,20,141,6,2,0
450,DD_126,2022-05-21,1900-01-01 00:00:00,2022-05-21,1900-01-01 23:59:00,0 days 23:59:00,86340.0,5,20,141,6,2,0
451,DD_126,2022-05-22,1900-01-01 00:00:00,2022-05-22,1900-01-01 23:59:00,0 days 23:59:00,86340.0,5,21,142,0,2,0
452,DD_234,2022-05-22,1900-01-01 00:00:00,2022-05-22,1900-01-01 23:59:00,0 days 23:59:00,86340.0,5,21,142,0,2,0
453,HD_022,2022-05-22,1900-01-01 00:02:00,2022-05-22,1900-01-01 23:59:00,0 days 23:57:00,86220.0,5,21,142,0,2,0
454,HD_022,2022-05-23,1900-01-01 00:00:00,2022-05-23,1900-01-01 23:58:00,0 days 23:58:00,86280.0,5,21,143,1,2,0
455,HD_024,2022-05-23,1900-01-01 14:12:00,2022-05-23,1900-01-01 23:57:00,0 days 09:45:00,35100.0,5,21,143,1,2,14
456,DD_234,2022-05-23,1900-01-01 00:00:00,2022-05-23,1900-01-01 23:59:00,0 days 23:59:00,86340.0,5,21,143,1,2,0
457,DD_126,2022-05-23,1900-01-01 00:00:00,2022-05-23,1900-01-01 23:58:00,0 days 23:58:00,86280.0,5,21,143,1,2,0
458,HD_023,2022-05-23,1900-01-01 15:06:00,2022-05-23,1900-01-01 23:58:00,0 days 08:52:00,31920.0,5,21,143,1,2,15
459,HD_022,2022-05-24,1900-01-01 00:08:00,2022-05-24,1900-01-01 23:59:00,0 days 23:51:00,85860.0,5,21,144,2,2,0
460,HD_024,2022-05-24,1900-01-01 00:01:00,2022-05-24,1900-01-01 23:59:00,0 days 23:58:00,86280.0,5,21,144,2,2,0
461,DD_234,2022-05-24,1900-01-01 00:00:00,2022-05-24,1900-01-01 23:59:00,0 days 23:59:00,86340.0,5,21,144,2,2,0
462,DD_126,2022-05-24,1900-01-01 00:00:00,2022-05-24,1900-01-01 23:59:00,0 days 23:59:00,86340.0,5,21,144,2,2,0
463,HD_023,2022-05-24,1900-01-01 00:00:00,2022-05-24,1900-01-01 23:59:00,0 days 23:59:00,86340.0,5,21,144,2,2,0
464,HD_023,2022-05-25,1900-01-01 00:00:00,2022-05-25,1900-01-01 23:59:00,0 days 23:59:00,86340.0,5,21,145,3,2,0
465,HD_022,2022-05-25,1900-01-01 00:01:00,2022-05-25,1900-01-01 23:59:00,0 days 23:58:00,86280.0,5,21,145,3,2,0
466,DD_126,2022-05-25,1900-01-01 00:00:00,2022-05-25,1900-01-01 23:59:00,0 days 23:59:00,86340.0,5,21,145,3,2,0
467,DD_234,2022-05-25,1900-01-01 00:01:00,2022-05-25,1900-01-01 23:59:00,0 days 23:58:00,86280.0,5,21,145,3,2,0
468,HD_024,2022-05-25,1900-01-01 00:00:00,2022-05-25,1900-01-01 23:59:00,0 days 23:59:00,86340.0,5,21,145,3,2,0
469,HD_022,2022-05-26,1900-01-01 00:01:00,2022-05-26,1900-01-01 23:43:00,0 days 23:42:00,85320.0,5,21,146,4,2,0
470,DD_126,2022-05-26,1900-01-01 00:00:00,2022-05-26,1900-01-01 23:59:00,0 days 23:59:00,86340.0,5,21,146,4,2,0
471,DD_234,2022-05-26,1900-01-01 00:00:00,2022-05-26,1900-01-01 23:59:00,0 days 23:59:00,86340.0,5,21,146,4,2,0
472,HD_024,2022-05-26,1900-01-01 00:00:00,2022-05-26,1900-01-01 23:55:00,0 days 23:55:00,86100.0,5,21,146,4,2,0
473,HD_023,2022-05-26,1900-01-01 00:01:00,2022-05-26,1900-01-01 23:50:00,0 days 23:49:00,85740.0,5,21,146,4,2,0
474,DD_234,2022-05-27,1900-01-01 00:00:00,2022-05-27,1900-01-01 23:59:00,0 days 23:59:00,86340.0,5,21,147,5,2,0
475,HD_022,2022-05-27,1900-01-01 00:00:00,2022-05-27,1900-01-01 23:39:00,0 days 23:39:00,85140.0,5,21,147,5,2,0
476,HD_024,2022-05-27,1900-01-01 00:01:00,2022-05-27,1900-01-01 23:59:00,0 days 23:58:00,86280.0,5,21,147,5,2,0
477,HD_023,2022-05-27,1900-01-01 00:13:00,2022-05-27,1900-01-01 23:51:00,0 days 23:38:00,85080.0,5,21,147,5,2,0
478,DD_126,2022-05-27,1900-01-01 00:00:00,2022-05-27,1900-01-01 23:59:00,0 days 23:59:00,86340.0,5,21,147,5,2,0
479,DD_234,2022-05-28,1900-01-01 00:00:00,2022-05-28,1900-01-01 23:59:00,0 days 23:59:00,86340.0,5,21,148,6,2,0
480,HD_022,2022-05-28,1900-01-01 01:34:00,2022-05-28,1900-01-01 23:47:00,0 days 22:13:00,79980.0,5,21,148,6,2,1
481,HD_023,2022-05-28,1900-01-01 00:13:00,2022-05-28,1900-01-01 23:59:00,0 days 23:46:00,85560.0,5,21,148,6,2,0
482,HD_024,2022-05-28,1900-01-01 00:00:00,2022-05-28,1900-01-01 23:59:00,0 days 23:59:00,86340.0,5,21,148,6,2,0
483,DD_126,2022-05-28,1900-01-01 00:00:00,2022-05-28,1900-01-01 23:59:00,0 days 23:59:00,86340.0,5,21,148,6,2,0
484,DD_126,2022-05-29,1900-01-01 00:00:00,2022-05-29,1900-01-01 23:59:00,0 days 23:59:00,86340.0,5,22,149,0,2,0
485,HD_022,2022-05-29,1900-01-01 00:07:00,2022-05-29,1900-01-01 23:52:00,0 days 23:45:00,85500.0,5,22,149,0,2,0
486,HD_023,2022-05-29,1900-01-01 00:00:00,2022-05-29,1900-01-01 23:57:00,0 days 23:57:00,86220.0,5,22,149,0,2,0
487,HD_024,2022-05-29,1900-01-01 00:00:00,2022-05-29,1900-01-01 23:59:00,0 days 23:59:00,86340.0,5,22,149,0,2,0
488,DD_234,2022-05-29,1900-01-01 00:00:00,2022-05-29,1900-01-01 23:59:00,0 days 23:59:00,86340.0,5,22,149,0,2,0
489,HD_024,2022-05-30,1900-01-01 00:00:00,2022-05-30,1900-01-01 14:50:00,0 days 14:50:00,53400.0,5,22,150,1,2,0
490,DD_126,2022-05-30,1900-01-01 00:00:00,2022-05-30,1900-01-01 14:42:00,0 days 14:42:00,52920.0,5,22,150,1,2,0
491,HD_023,2022-05-30,1900-01-01 00:13:00,2022-05-30,1900-01-01 14:51:00,0 days 14:38:00,52680.0,5,22,150,1,2,0
492,DD_234,2022-05-30,1900-01-01 00:00:00,2022-05-30,1900-01-01 14:52:00,0 days 14:52:00,53520.0,5,22,150,1,2,0
493,HD_022,2022-05-30,1900-01-01 00:16:00,2022-05-30,1900-01-01 14:48:00,0 days 14:32:00,52320.0,5,22,150,1,2,0
494,HD_023,2022-05-31,1900-01-01 13:17:00,2022-05-31,1900-01-01 23:59:00,0 days 10:42:00,38520.0,5,22,151,2,2,13
495,HD_024,2022-05-31,1900-01-01 13:17:00,2022-05-31,1900-01-01 23:59:00,0 days 10:42:00,38520.0,5,22,151,2,2,13
496,DD_234,2022-05-31,1900-01-01 13:17:00,2022-05-31,1900-01-01 23:59:00,0 days 10:42:00,38520.0,5,22,151,2,2,13
497,DD_126,2022-05-31,1900-01-01 13:17:00,2022-05-31,1900-01-01 23:59:00,0 days 10:42:00,38520.0,5,22,151,2,2,13
498,HD_022,2022-05-31,1900-01-01 13:18:00,2022-05-31,1900-01-01 23:33:00,0 days 10:15:00,36900.0,5,22,151,2,2,13
499,HD_024,2022-06-01,1900-01-01 00:01:00,2022-06-01,1900-01-01 23:59:00,0 days 23:58:00,86280.0,6,22,152,3,2,0
500,HD_023,2022-06-01,1900-01-01 00:00:00,2022-06-01,1900-01-01 23:59:00,0 days 23:59:00,86340.0,6,22,152,3,2,0
501,HD_022,2022-06-01,1900-01-01 02:08:00,2022-06-01,1900-01-01 23:57:00,0 days 21:49:00,78540.0,6,22,152,3,2,2
502,DD_126,2022-06-01,1900-01-01 00:00:00,2022-06-01,1900-01-01 23:58:00,0 days 23:58:00,86280.0,6,22,152,3,2,0
503,DD_234,2022-06-01,1900-01-01 00:00:00,2022-06-01,1900-01-01 23:59:00,0 days 23:59:00,86340.0,6,22,152,3,2,0
504,HD_024,2022-06-02,1900-01-01 00:00:00,2022-06-02,1900-01-01 23:59:00,0 days 23:59:00,86340.0,6,22,153,4,2,0
505,HD_023,2022-06-02,1900-01-01 00:00:00,2022-06-02,1900-01-01 23:54:00,0 days 23:54:00,86040.0,6,22,153,4,2,0
506,DD_126,2022-06-02,1900-01-01 00:00:00,2022-06-02,1900-01-01 23:59:00,0 days 23:59:00,86340.0,6,22,153,4,2,0
507,HD_022,2022-06-02,1900-01-01 00:00:00,2022-06-02,1900-01-01 23:59:00,0 days 23:59:00,86340.0,6,22,153,4,2,0
508,DD_234,2022-06-02,1900-01-01 00:01:00,2022-06-02,1900-01-01 23:59:00,0 days 23:58:00,86280.0,6,22,153,4,2,0
509,DD_234,2022-06-03,1900-01-01 00:00:00,2022-06-03,1900-01-01 23:59:00,0 days 23:59:00,86340.0,6,22,154,5,2,0
510,DD_126,2022-06-03,1900-01-01 00:00:00,2022-06-03,1900-01-01 23:59:00,0 days 23:59:00,86340.0,6,22,154,5,2,0
511,HD_022,2022-06-03,1900-01-01 00:21:00,2022-06-03,1900-01-01 22:01:00,0 days 21:40:00,78000.0,6,22,154,5,2,0
512,HD_023,2022-06-03,1900-01-01 00:00:00,2022-06-03,1900-01-01 23:59:00,0 days 23:59:00,86340.0,6,22,154,5,2,0
513,HD_024,2022-06-03,1900-01-01 00:00:00,2022-06-03,1900-01-01 23:59:00,0 days 23:59:00,86340.0,6,22,154,5,2,0
514,DD_126,2022-06-04,1900-01-01 00:00:00,2022-06-04,1900-01-01 23:54:00,0 days 23:54:00,86040.0,6,22,155,6,2,0
515,DD_234,2022-06-04,1900-01-01 00:00:00,2022-06-04,1900-01-01 23:59:00,0 days 23:59:00,86340.0,6,22,155,6,2,0
516,HD_022,2022-06-04,1900-01-01 00:14:00,2022-06-04,1900-01-01 23:59:00,0 days 23:45:00,85500.0,6,22,155,6,2,0
517,HD_024,2022-06-04,1900-01-01 00:00:00,2022-06-04,1900-01-01 23:59:00,0 days 23:59:00,86340.0,6,22,155,6,2,0
518,HD_023,2022-06-04,1900-01-01 00:00:00,2022-06-04,1900-01-01 23:59:00,0 days 23:59:00,86340.0,6,22,155,6,2,0
519,HD_023,2022-06-05,1900-01-01 00:00:00,2022-06-05,1900-01-01 23:59:00,0 days 23:59:00,86340.0,6,23,156,0,2,0
520,HD_024,2022-06-05,1900-01-01 00:06:00,2022-06-05,1900-01-01 23:59:00,0 days 23:53:00,85980.0,6,23,156,0,2,0
521,HD_022,2022-06-05,1900-01-01 00:00:00,2022-06-05,1900-01-01 23:59:00,0 days 23:59:00,86340.0,6,23,156,0,2,0
522,DD_126,2022-06-05,1900-01-01 00:16:00,2022-06-05,1900-01-01 23:54:00,0 days 23:38:00,85080.0,6,23,156,0,2,0
523,DD_234,2022-06-05,1900-01-01 00:00:00,2022-06-05,1900-01-01 23:59:00,0 days 23:59:00,86340.0,6,23,156,0,2,0
524,HD_023,2022-06-06,1900-01-01 00:00:00,2022-06-06,1900-01-01 23:59:00,0 days 23:59:00,86340.0,6,23,157,1,2,0
525,HD_024,2022-06-06,1900-01-01 00:00:00,2022-06-06,1900-01-01 23:59:00,0 days 23:59:00,86340.0,6,23,157,1,2,0
526,DD_126,2022-06-06,1900-01-01 00:04:00,2022-06-06,1900-01-01 23:58:00,0 days 23:54:00,86040.0,6,23,157,1,2,0
527,DD_234,2022-06-06,1900-01-01 00:00:00,2022-06-06,1900-01-01 23:59:00,0 days 23:59:00,86340.0,6,23,157,1,2,0
528,HD_022,2022-06-06,1900-01-01 00:02:00,2022-06-06,1900-01-01 23:58:00,0 days 23:56:00,86160.0,6,23,157,1,2,0
529,HD_023,2022-06-07,1900-01-01 00:00:00,2022-06-07,1900-01-01 23:59:00,0 days 23:59:00,86340.0,6,23,158,2,2,0
530,DD_234,2022-06-07,1900-01-01 00:01:00,2022-06-07,1900-01-01 23:59:00,0 days 23:58:00,86280.0,6,23,158,2,2,0
531,DD_126,2022-06-07,1900-01-01 00:05:00,2022-06-07,1900-01-01 23:59:00,0 days 23:54:00,86040.0,6,23,158,2,2,0
532,HD_024,2022-06-07,1900-01-01 00:00:00,2022-06-07,1900-01-01 23:59:00,0 days 23:59:00,86340.0,6,23,158,2,2,0
533,HD_022,2022-06-07,1900-01-01 00:04:00,2022-06-07,1900-01-01 23:55:00,0 days 23:51:00,85860.0,6,23,158,2,2,0
534,DD_126,2022-06-08,1900-01-01 00:00:00,2022-06-08,1900-01-01 23:59:00,0 days 23:59:00,86340.0,6,23,159,3,2,0
535,DD_234,2022-06-08,1900-01-01 00:00:00,2022-06-08,1900-01-01 23:59:00,0 days 23:59:00,86340.0,6,23,159,3,2,0
536,HD_024,2022-06-08,1900-01-01 00:00:00,2022-06-08,1900-01-01 23:59:00,0 days 23:59:00,86340.0,6,23,159,3,2,0
537,HD_023,2022-06-08,1900-01-01 00:00:00,2022-06-08,1900-01-01 23:59:00,0 days 23:59:00,86340.0,6,23,159,3,2,0
538,HD_022,2022-06-08,1900-01-01 00:20:00,2022-06-08,1900-01-01 23:58:00,0 days 23:38:00,85080.0,6,23,159,3,2,0
539,HD_024,2022-06-09,1900-01-01 00:00:00,2022-06-09,1900-01-01 23:56:00,0 days 23:56:00,86160.0,6,23,160,4,2,0
540,HD_023,2022-06-09,1900-01-01 00:05:00,2022-06-09,1900-01-01 23:59:00,0 days 23:54:00,86040.0,6,23,160,4,2,0
541,HD_022,2022-06-09,1900-01-01 00:11:00,2022-06-09,1900-01-01 23:57:00,0 days 23:46:00,85560.0,6,23,160,4,2,0
542,DD_234,2022-06-09,1900-01-01 00:00:00,2022-06-09,1900-01-01 23:59:00,0 days 23:59:00,86340.0,6,23,160,4,2,0
543,DD_126,2022-06-09,1900-01-01 00:00:00,2022-06-09,1900-01-01 23:59:00,0 days 23:59:00,86340.0,6,23,160,4,2,0
544,HD_022,2022-06-10,1900-01-01 00:01:00,2022-06-10,1900-01-01 23:56:00,0 days 23:55:00,86100.0,6,23,161,5,2,0
545,HD_023,2022-06-10,1900-01-01 00:00:00,2022-06-10,1900-01-01 23:59:00,0 days 23:59:00,86340.0,6,23,161,5,2,0
546,DD_234,2022-06-10,1900-01-01 00:00:00,2022-06-10,1900-01-01 23:59:00,0 days 23:59:00,86340.0,6,23,161,5,2,0
547,HD_024,2022-06-10,1900-01-01 00:01:00,2022-06-10,1900-01-01 23:59:00,0 days 23:58:00,86280.0,6,23,161,5,2,0
548,DD_126,2022-06-10,1900-01-01 00:00:00,2022-06-10,1900-01-01 23:56:00,0 days 23:56:00,86160.0,6,23,161,5,2,0
549,DD_126,2022-06-11,1900-01-01 00:01:00,2022-06-11,1900-01-01 23:59:00,0 days 23:58:00,86280.0,6,23,162,6,2,0
550,HD_023,2022-06-11,1900-01-01 00:00:00,2022-06-11,1900-01-01 23:59:00,0 days 23:59:00,86340.0,6,23,162,6,2,0
551,DD_234,2022-06-11,1900-01-01 00:00:00,2022-06-11,1900-01-01 23:59:00,0 days 23:59:00,86340.0,6,23,162,6,2,0
552,HD_022,2022-06-11,1900-01-01 00:13:00,2022-06-11,1900-01-01 23:56:00,0 days 23:43:00,85380.0,6,23,162,6,2,0
553,HD_024,2022-06-11,1900-01-01 00:00:00,2022-06-11,1900-01-01 23:58:00,0 days 23:58:00,86280.0,6,23,162,6,2,0
554,DD_126,2022-06-12,1900-01-01 00:00:00,2022-06-12,1900-01-01 23:59:00,0 days 23:59:00,86340.0,6,24,163,0,2,0
555,HD_024,2022-06-12,1900-01-01 00:00:00,2022-06-12,1900-01-01 23:57:00,0 days 23:57:00,86220.0,6,24,163,0,2,0
556,HD_022,2022-06-12,1900-01-01 00:03:00,2022-06-12,1900-01-01 23:51:00,0 days 23:48:00,85680.0,6,24,163,0,2,0
557,DD_234,2022-06-12,1900-01-01 00:00:00,2022-06-12,1900-01-01 23:48:00,0 days 23:48:00,85680.0,6,24,163,0,2,0
558,HD_023,2022-06-12,1900-01-01 00:00:00,2022-06-12,1900-01-01 23:59:00,0 days 23:59:00,86340.0,6,24,163,0,2,0
559,HD_024,2022-06-13,1900-01-01 00:06:00,2022-06-13,1900-01-01 23:58:00,0 days 23:52:00,85920.0,6,24,164,1,2,0
560,DD_126,2022-06-13,1900-01-01 00:00:00,2022-06-13,1900-01-01 23:59:00,0 days 23:59:00,86340.0,6,24,164,1,2,0
561,HD_022,2022-06-13,1900-01-01 00:01:00,2022-06-13,1900-01-01 23:59:00,0 days 23:58:00,86280.0,6,24,164,1,2,0
562,DD_234,2022-06-13,1900-01-01 00:04:00,2022-06-13,1900-01-01 23:59:00,0 days 23:55:00,86100.0,6,24,164,1,2,0
563,HD_023,2022-06-13,1900-01-01 00:00:00,2022-06-13,1900-01-01 23:59:00,0 days 23:59:00,86340.0,6,24,164,1,2,0
564,HD_024,2022-06-14,1900-01-01 00:07:00,2022-06-14,1900-01-01 23:55:00,0 days 23:48:00,85680.0,6,24,165,2,2,0
565,HD_022,2022-06-14,1900-01-01 00:00:00,2022-06-14,1900-01-01 23:55:00,0 days 23:55:00,86100.0,6,24,165,2,2,0
566,DD_234,2022-06-14,1900-01-01 00:00:00,2022-06-14,1900-01-01 23:59:00,0 days 23:59:00,86340.0,6,24,165,2,2,0
567,HD_023,2022-06-14,1900-01-01 00:00:00,2022-06-14,1900-01-01 23:59:00,0 days 23:59:00,86340.0,6,24,165,2,2,0
568,DD_126,2022-06-14,1900-01-01 00:00:00,2022-06-14,1900-01-01 23:59:00,0 days 23:59:00,86340.0,6,24,165,2,2,0
569,HD_022,2022-06-15,1900-01-01 00:04:00,2022-06-15,1900-01-01 23:52:00,0 days 23:48:00,85680.0,6,24,166,3,2,0
570,HD_024,2022-06-15,1900-01-01 00:03:00,2022-06-15,1900-01-01 23:59:00,0 days 23:56:00,86160.0,6,24,166,3,2,0
571,DD_126,2022-06-15,1900-01-01 00:00:00,2022-06-15,1900-01-01 23:59:00,0 days 23:59:00,86340.0,6,24,166,3,2,0
572,DD_234,2022-06-15,1900-01-01 00:00:00,2022-06-15,1900-01-01 22:00:00,0 days 22:00:00,79200.0,6,24,166,3,2,0
573,HD_023,2022-06-15,1900-01-01 00:00:00,2022-06-15,1900-01-01 23:59:00,0 days 23:59:00,86340.0,6,24,166,3,2,0
574,HD_024,2022-06-16,1900-01-01 00:00:00,2022-06-16,1900-01-01 23:54:00,0 days 23:54:00,86040.0,6,24,167,4,2,0
575,DD_126,2022-06-16,1900-01-01 00:00:00,2022-06-16,1900-01-01 23:59:00,0 days 23:59:00,86340.0,6,24,167,4,2,0
576,HD_022,2022-06-16,1900-01-01 00:01:00,2022-06-16,1900-01-01 23:55:00,0 days 23:54:00,86040.0,6,24,167,4,2,0
577,HD_023,2022-06-16,1900-01-01 00:01:00,2022-06-16,1900-01-01 23:58:00,0 days 23:57:00,86220.0,6,24,167,4,2,0
578,DD_234,2022-06-16,1900-01-01 15:25:00,2022-06-16,1900-01-01 23:59:00,0 days 08:34:00,30840.0,6,24,167,4,2,15
579,HD_024,2022-06-17,1900-01-01 00:01:00,2022-06-17,1900-01-01 23:56:00,0 days 23:55:00,86100.0,6,24,168,5,2,0
580,DD_126,2022-06-17,1900-01-01 00:00:00,2022-06-17,1900-01-01 23:59:00,0 days 23:59:00,86340.0,6,24,168,5,2,0
581,DD_234,2022-06-17,1900-01-01 00:00:00,2022-06-17,1900-01-01 23:59:00,0 days 23:59:00,86340.0,6,24,168,5,2,0
582,HD_023,2022-06-17,1900-01-01 00:00:00,2022-06-17,1900-01-01 23:55:00,0 days 23:55:00,86100.0,6,24,168,5,2,0
583,HD_022,2022-06-17,1900-01-01 00:12:00,2022-06-17,1900-01-01 23:49:00,0 days 23:37:00,85020.0,6,24,168,5,2,0
584,HD_023,2022-06-18,1900-01-01 00:17:00,2022-06-18,1900-01-01 23:57:00,0 days 23:40:00,85200.0,6,24,169,6,2,0
585,HD_024,2022-06-18,1900-01-01 00:07:00,2022-06-18,1900-01-01 23:59:00,0 days 23:52:00,85920.0,6,24,169,6,2,0
586,DD_234,2022-06-18,1900-01-01 00:00:00,2022-06-18,1900-01-01 23:59:00,0 days 23:59:00,86340.0,6,24,169,6,2,0
587,HD_022,2022-06-18,1900-01-01 00:50:00,2022-06-18,1900-01-01 23:59:00,0 days 23:09:00,83340.0,6,24,169,6,2,0
588,DD_126,2022-06-18,1900-01-01 00:02:00,2022-06-18,1900-01-01 23:59:00,0 days 23:57:00,86220.0,6,24,169,6,2,0
589,HD_023,2022-06-19,1900-01-01 00:02:00,2022-06-19,1900-01-01 23:59:00,0 days 23:57:00,86220.0,6,25,170,0,2,0
590,HD_024,2022-06-19,1900-01-01 00:00:00,2022-06-19,1900-01-01 23:59:00,0 days 23:59:00,86340.0,6,25,170,0,2,0
591,HD_022,2022-06-19,1900-01-01 00:00:00,2022-06-19,1900-01-01 23:26:00,0 days 23:26:00,84360.0,6,25,170,0,2,0
592,DD_234,2022-06-19,1900-01-01 00:00:00,2022-06-19,1900-01-01 23:59:00,0 days 23:59:00,86340.0,6,25,170,0,2,0
593,DD_126,2022-06-19,1900-01-01 00:00:00,2022-06-19,1900-01-01 23:59:00,0 days 23:59:00,86340.0,6,25,170,0,2,0
594,DD_234,2022-06-20,1900-01-01 00:00:00,2022-06-20,1900-01-01 23:59:00,0 days 23:59:00,86340.0,6,25,171,1,2,0
595,DD_126,2022-06-20,1900-01-01 00:00:00,2022-06-20,1900-01-01 23:59:00,0 days 23:59:00,86340.0,6,25,171,1,2,0
596,HD_022,2022-06-20,1900-01-01 00:04:00,2022-06-20,1900-01-01 23:58:00,0 days 23:54:00,86040.0,6,25,171,1,2,0
597,HD_023,2022-06-20,1900-01-01 00:01:00,2022-06-20,1900-01-01 23:59:00,0 days 23:58:00,86280.0,6,25,171,1,2,0
598,HD_024,2022-06-20,1900-01-01 00:00:00,2022-06-20,1900-01-01 23:59:00,0 days 23:59:00,86340.0,6,25,171,1,2,0
599,DD_126,2022-06-21,1900-01-01 00:00:00,2022-06-21,1900-01-01 23:59:00,0 days 23:59:00,86340.0,6,25,172,2,2,0
600,HD_023,2022-06-21,1900-01-01 00:00:00,2022-06-21,1900-01-01 23:58:00,0 days 23:58:00,86280.0,6,25,172,2,2,0
601,DD_234,2022-06-21,1900-01-01 00:00:00,2022-06-21,1900-01-01 23:59:00,0 days 23:59:00,86340.0,6,25,172,2,2,0
602,HD_024,2022-06-21,1900-01-01 00:00:00,2022-06-21,1900-01-01 23:59:00,0 days 23:59:00,86340.0,6,25,172,2,2,0
603,HD_022,2022-06-21,1900-01-01 00:00:00,2022-06-21,1900-01-01 23:59:00,0 days 23:59:00,86340.0,6,25,172,2,2,0
604,HD_022,2022-06-22,1900-01-01 00:00:00,2022-06-22,1900-01-01 23:59:00,0 days 23:59:00,86340.0,6,25,173,3,2,0
605,HD_024,2022-06-22,1900-01-01 00:00:00,2022-06-22,1900-01-01 23:59:00,0 days 23:59:00,86340.0,6,25,173,3,2,0
606,DD_126,2022-06-22,1900-01-01 00:00:00,2022-06-22,1900-01-01 23:59:00,0 days 23:59:00,86340.0,6,25,173,3,2,0
607,HD_023,2022-06-22,1900-01-01 00:08:00,2022-06-22,1900-01-01 23:59:00,0 days 23:51:00,85860.0,6,25,173,3,2,0
608,DD_234,2022-06-22,1900-01-01 00:00:00,2022-06-22,1900-01-01 23:50:00,0 days 23:50:00,85800.0,6,25,173,3,2,0
609,HD_024,2022-06-23,1900-01-01 00:00:00,2022-06-23,1900-01-01 23:59:00,0 days 23:59:00,86340.0,6,25,174,4,2,0
610,DD_234,2022-06-23,1900-01-01 01:37:00,2022-06-23,1900-01-01 23:59:00,0 days 22:22:00,80520.0,6,25,174,4,2,1
611,HD_023,2022-06-23,1900-01-01 00:00:00,2022-06-23,1900-01-01 23:59:00,0 days 23:59:00,86340.0,6,25,174,4,2,0
612,DD_126,2022-06-23,1900-01-01 00:00:00,2022-06-23,1900-01-01 09:06:00,0 days 09:06:00,32760.0,6,25,174,4,2,0
613,HD_022,2022-06-23,1900-01-01 00:00:00,2022-06-23,1900-01-01 23:57:00,0 days 23:57:00,86220.0,6,25,174,4,2,0
614,DD_234,2022-06-24,1900-01-01 00:00:00,2022-06-24,1900-01-01 23:59:00,0 days 23:59:00,86340.0,6,25,175,5,2,0
615,HD_022,2022-06-24,1900-01-01 00:04:00,2022-06-24,1900-01-01 23:58:00,0 days 23:54:00,86040.0,6,25,175,5,2,0
616,HD_024,2022-06-24,1900-01-01 00:00:00,2022-06-24,1900-01-01 23:59:00,0 days 23:59:00,86340.0,6,25,175,5,2,0
617,HD_023,2022-06-24,1900-01-01 00:00:00,2022-06-24,1900-01-01 23:59:00,0 days 23:59:00,86340.0,6,25,175,5,2,0
618,HD_023,2022-06-25,1900-01-01 00:00:00,2022-06-25,1900-01-01 23:58:00,0 days 23:58:00,86280.0,6,25,176,6,2,0
619,HD_022,2022-06-25,1900-01-01 00:00:00,2022-06-25,1900-01-01 23:56:00,0 days 23:56:00,86160.0,6,25,176,6,2,0
620,DD_234,2022-06-25,1900-01-01 00:00:00,2022-06-25,1900-01-01 23:59:00,0 days 23:59:00,86340.0,6,25,176,6,2,0
621,HD_024,2022-06-25,1900-01-01 00:01:00,2022-06-25,1900-01-01 23:59:00,0 days 23:58:00,86280.0,6,25,176,6,2,0
622,HD_024,2022-06-26,1900-01-01 00:01:00,2022-06-26,1900-01-01 16:45:00,0 days 16:44:00,60240.0,6,26,177,0,2,0
623,HD_022,2022-06-26,1900-01-01 00:00:00,2022-06-26,1900-01-01 23:38:00,0 days 23:38:00,85080.0,6,26,177,0,2,0
624,DD_234,2022-06-26,1900-01-01 00:00:00,2022-06-26,1900-01-01 23:55:00,0 days 23:55:00,86100.0,6,26,177,0,2,0
625,HD_023,2022-06-26,1900-01-01 00:02:00,2022-06-26,1900-01-01 23:58:00,0 days 23:56:00,86160.0,6,26,177,0,2,0
626,DD_126,2022-06-26,1900-01-01 12:16:00,2022-06-26,1900-01-01 23:58:00,0 days 11:42:00,42120.0,6,26,177,0,2,12
627,DD_126,2022-06-27,1900-01-01 00:01:00,2022-06-27,1900-01-01 00:17:00,0 days 00:16:00,960.0,6,26,178,1,2,0
628,HD_022,2022-06-27,1900-01-01 00:05:00,2022-06-27,1900-01-01 00:20:00,0 days 00:15:00,900.0,6,26,178,1,2,0
629,HD_023,2022-06-27,1900-01-01 00:02:00,2022-06-27,1900-01-01 00:19:00,0 days 00:17:00,1020.0,6,26,178,1,2,0
630,DD_126,2022-06-30,1900-01-01 00:23:00,2022-06-30,1900-01-01 23:59:00,0 days 23:36:00,84960.0,6,26,181,4,2,0
631,HD_022,2022-06-30,1900-01-01 23:53:00,2022-06-30,1900-01-01 23:55:00,0 days 00:02:00,120.0,6,26,181,4,2,23
632,DD_234,2022-06-30,1900-01-01 00:38:00,2022-06-30,1900-01-01 23:59:00,0 days 23:21:00,84060.0,6,26,181,4,2,0
633,HD_023,2022-06-30,1900-01-01 00:23:00,2022-06-30,1900-01-01 23:59:00,0 days 23:36:00,84960.0,6,26,181,4,2,0
634,HD_022,2022-07-01,1900-01-01 00:00:00,2022-07-01,1900-01-01 23:59:00,0 days 23:59:00,86340.0,7,26,182,5,3,0
635,HD_023,2022-07-01,1900-01-01 00:00:00,2022-07-01,1900-01-01 23:57:00,0 days 23:57:00,86220.0,7,26,182,5,3,0
636,HD_024,2022-07-01,1900-01-01 00:01:00,2022-07-01,1900-01-01 23:59:00,0 days 23:58:00,86280.0,7,26,182,5,3,0
637,DD_234,2022-07-01,1900-01-01 00:00:00,2022-07-01,1900-01-01 23:58:00,0 days 23:58:00,86280.0,7,26,182,5,3,0
638,DD_234,2022-07-02,1900-01-01 00:00:00,2022-07-02,1900-01-01 23:59:00,0 days 23:59:00,86340.0,7,26,183,6,3,0
639,HD_022,2022-07-02,1900-01-01 00:04:00,2022-07-02,1900-01-01 23:59:00,0 days 23:55:00,86100.0,7,26,183,6,3,0
640,DD_126,2022-07-02,1900-01-01 00:00:00,2022-07-02,1900-01-01 23:59:00,0 days 23:59:00,86340.0,7,26,183,6,3,0
641,HD_023,2022-07-02,1900-01-01 00:00:00,2022-07-02,1900-01-01 23:59:00,0 days 23:59:00,86340.0,7,26,183,6,3,0
642,,2022-07-02,1900-01-01 16:17:00,2022-07-02,1900-01-01 16:17:00,0 days 00:00:00,0.0,7,26,183,6,3,16
643,HD_022,2022-07-03,1900-01-01 00:01:00,2022-07-03,1900-01-01 23:57:00,0 days 23:56:00,86160.0,7,27,184,0,3,0
644,DD_234,2022-07-03,1900-01-01 00:00:00,2022-07-03,1900-01-01 23:59:00,0 days 23:59:00,86340.0,7,27,184,0,3,0
645,DD_126,2022-07-03,1900-01-01 00:00:00,2022-07-03,1900-01-01 23:59:00,0 days 23:59:00,86340.0,7,27,184,0,3,0
646,HD_024,2022-07-03,1900-01-01 08:00:00,2022-07-03,1900-01-01 20:13:00,0 days 12:13:00,43980.0,7,27,184,0,3,8
647,HD_023,2022-07-03,1900-01-01 00:01:00,2022-07-03,1900-01-01 23:59:00,0 days 23:58:00,86280.0,7,27,184,0,3,0
648,DD_234,2022-07-04,1900-01-01 00:00:00,2022-07-04,1900-01-01 23:59:00,0 days 23:59:00,86340.0,7,27,185,1,3,0
649,HD_024,2022-07-04,1900-01-01 00:13:00,2022-07-04,1900-01-01 23:58:00,0 days 23:45:00,85500.0,7,27,185,1,3,0
650,HD_022,2022-07-04,1900-01-01 00:01:00,2022-07-04,1900-01-01 23:58:00,0 days 23:57:00,86220.0,7,27,185,1,3,0
651,DD_126,2022-07-04,1900-01-01 00:00:00,2022-07-04,1900-01-01 23:59:00,0 days 23:59:00,86340.0,7,27,185,1,3,0
652,HD_023,2022-07-04,1900-01-01 00:00:00,2022-07-04,1900-01-01 23:59:00,0 days 23:59:00,86340.0,7,27,185,1,3,0
653,HD_022,2022-07-05,1900-01-01 00:00:00,2022-07-05,1900-01-01 23:57:00,0 days 23:57:00,86220.0,7,27,186,2,3,0
654,DD_234,2022-07-05,1900-01-01 00:00:00,2022-07-05,1900-01-01 23:59:00,0 days 23:59:00,86340.0,7,27,186,2,3,0
655,DD_126,2022-07-05,1900-01-01 00:00:00,2022-07-05,1900-01-01 23:59:00,0 days 23:59:00,86340.0,7,27,186,2,3,0
656,HD_024,2022-07-05,1900-01-01 00:01:00,2022-07-05,1900-01-01 23:59:00,0 days 23:58:00,86280.0,7,27,186,2,3,0
657,HD_023,2022-07-05,1900-01-01 00:00:00,2022-07-05,1900-01-01 23:57:00,0 days 23:57:00,86220.0,7,27,186,2,3,0
658,HD_022,2022-07-06,1900-01-01 00:17:00,2022-07-06,1900-01-01 23:50:00,0 days 23:33:00,84780.0,7,27,187,3,3,0
659,HD_024,2022-07-06,1900-01-01 00:01:00,2022-07-06,1900-01-01 23:59:00,0 days 23:58:00,86280.0,7,27,187,3,3,0
660,HD_023,2022-07-06,1900-01-01 00:00:00,2022-07-06,1900-01-01 23:59:00,0 days 23:59:00,86340.0,7,27,187,3,3,0
661,DD_234,2022-07-06,1900-01-01 00:00:00,2022-07-06,1900-01-01 23:59:00,0 days 23:59:00,86340.0,7,27,187,3,3,0
662,DD_126,2022-07-06,1900-01-01 00:00:00,2022-07-06,1900-01-01 23:59:00,0 days 23:59:00,86340.0,7,27,187,3,3,0
663,DD_126,2022-07-07,1900-01-01 00:00:00,2022-07-07,1900-01-01 23:59:00,0 days 23:59:00,86340.0,7,27,188,4,3,0
664,HD_022,2022-07-07,1900-01-01 00:14:00,2022-07-07,1900-01-01 23:51:00,0 days 23:37:00,85020.0,7,27,188,4,3,0
665,DD_234,2022-07-07,1900-01-01 00:00:00,2022-07-07,1900-01-01 23:59:00,0 days 23:59:00,86340.0,7,27,188,4,3,0
666,HD_023,2022-07-07,1900-01-01 00:00:00,2022-07-07,1900-01-01 23:59:00,0 days 23:59:00,86340.0,7,27,188,4,3,0
667,HD_024,2022-07-07,1900-01-01 00:00:00,2022-07-07,1900-01-01 23:59:00,0 days 23:59:00,86340.0,7,27,188,4,3,0
668,HD_024,2022-07-08,1900-01-01 00:00:00,2022-07-08,1900-01-01 23:56:00,0 days 23:56:00,86160.0,7,27,189,5,3,0
669,HD_023,2022-07-08,1900-01-01 00:00:00,2022-07-08,1900-01-01 23:57:00,0 days 23:57:00,86220.0,7,27,189,5,3,0
670,DD_234,2022-07-08,1900-01-01 00:00:00,2022-07-08,1900-01-01 23:59:00,0 days 23:59:00,86340.0,7,27,189,5,3,0
671,DD_126,2022-07-08,1900-01-01 00:00:00,2022-07-08,1900-01-01 23:59:00,0 days 23:59:00,86340.0,7,27,189,5,3,0
672,HD_022,2022-07-08,1900-01-01 00:09:00,2022-07-08,1900-01-01 23:53:00,0 days 23:44:00,85440.0,7,27,189,5,3,0
673,DD_126,2022-07-09,1900-01-01 00:00:00,2022-07-09,1900-01-01 23:57:00,0 days 23:57:00,86220.0,7,27,190,6,3,0
674,DD_234,2022-07-09,1900-01-01 00:00:00,2022-07-09,1900-01-01 23:59:00,0 days 23:59:00,86340.0,7,27,190,6,3,0
675,HD_022,2022-07-09,1900-01-01 00:26:00,2022-07-09,1900-01-01 23:59:00,0 days 23:33:00,84780.0,7,27,190,6,3,0
676,HD_023,2022-07-09,1900-01-01 00:00:00,2022-07-09,1900-01-01 23:59:00,0 days 23:59:00,86340.0,7,27,190,6,3,0
677,HD_024,2022-07-09,1900-01-01 00:13:00,2022-07-09,1900-01-01 23:54:00,0 days 23:41:00,85260.0,7,27,190,6,3,0
678,HD_023,2022-07-10,1900-01-01 00:01:00,2022-07-10,1900-01-01 23:59:00,0 days 23:58:00,86280.0,7,28,191,0,3,0
679,DD_126,2022-07-10,1900-01-01 00:01:00,2022-07-10,1900-01-01 23:59:00,0 days 23:58:00,86280.0,7,28,191,0,3,0
680,HD_022,2022-07-10,1900-01-01 00:01:00,2022-07-10,1900-01-01 23:45:00,0 days 23:44:00,85440.0,7,28,191,0,3,0
681,HD_024,2022-07-10,1900-01-01 00:01:00,2022-07-10,1900-01-01 23:59:00,0 days 23:58:00,86280.0,7,28,191,0,3,0
682,DD_234,2022-07-10,1900-01-01 00:00:00,2022-07-10,1900-01-01 23:56:00,0 days 23:56:00,86160.0,7,28,191,0,3,0
683,HD_024,2022-07-11,1900-01-01 00:00:00,2022-07-11,1900-01-01 23:59:00,0 days 23:59:00,86340.0,7,28,192,1,3,0
684,HD_022,2022-07-11,1900-01-01 00:10:00,2022-07-11,1900-01-01 23:51:00,0 days 23:41:00,85260.0,7,28,192,1,3,0
685,DD_234,2022-07-11,1900-01-01 00:06:00,2022-07-11,1900-01-01 23:57:00,0 days 23:51:00,85860.0,7,28,192,1,3,0
686,DD_126,2022-07-11,1900-01-01 00:00:00,2022-07-11,1900-01-01 23:54:00,0 days 23:54:00,86040.0,7,28,192,1,3,0
687,HD_023,2022-07-11,1900-01-01 00:00:00,2022-07-11,1900-01-01 23:59:00,0 days 23:59:00,86340.0,7,28,192,1,3,0
688,HD_022,2022-07-12,1900-01-01 00:04:00,2022-07-12,1900-01-01 23:57:00,0 days 23:53:00,85980.0,7,28,193,2,3,0
689,HD_024,2022-07-12,1900-01-01 00:00:00,2022-07-12,1900-01-01 23:59:00,0 days 23:59:00,86340.0,7,28,193,2,3,0
690,DD_126,2022-07-12,1900-01-01 00:04:00,2022-07-12,1900-01-01 23:59:00,0 days 23:55:00,86100.0,7,28,193,2,3,0
691,DD_234,2022-07-12,1900-01-01 00:02:00,2022-07-12,1900-01-01 23:59:00,0 days 23:57:00,86220.0,7,28,193,2,3,0
692,HD_023,2022-07-12,1900-01-01 00:00:00,2022-07-12,1900-01-01 23:59:00,0 days 23:59:00,86340.0,7,28,193,2,3,0
693,HD_024,2022-07-13,1900-01-01 00:00:00,2022-07-13,1900-01-01 23:59:00,0 days 23:59:00,86340.0,7,28,194,3,3,0
694,DD_234,2022-07-13,1900-01-01 00:00:00,2022-07-13,1900-01-01 23:56:00,0 days 23:56:00,86160.0,7,28,194,3,3,0
695,DD_126,2022-07-13,1900-01-01 00:00:00,2022-07-13,1900-01-01 23:59:00,0 days 23:59:00,86340.0,7,28,194,3,3,0
696,HD_023,2022-07-13,1900-01-01 00:00:00,2022-07-13,1900-01-01 23:59:00,0 days 23:59:00,86340.0,7,28,194,3,3,0
697,HD_022,2022-07-13,1900-01-01 00:00:00,2022-07-13,1900-01-01 23:58:00,0 days 23:58:00,86280.0,7,28,194,3,3,0
698,DD_234,2022-07-14,1900-01-01 00:00:00,2022-07-14,1900-01-01 23:56:00,0 days 23:56:00,86160.0,7,28,195,4,3,0
699,HD_023,2022-07-14,1900-01-01 00:03:00,2022-07-14,1900-01-01 23:58:00,0 days 23:55:00,86100.0,7,28,195,4,3,0
700,HD_024,2022-07-14,1900-01-01 00:11:00,2022-07-14,1900-01-01 23:59:00,0 days 23:48:00,85680.0,7,28,195,4,3,0
701,DD_126,2022-07-14,1900-01-01 00:00:00,2022-07-14,1900-01-01 23:59:00,0 days 23:59:00,86340.0,7,28,195,4,3,0
702,HD_022,2022-07-14,1900-01-01 00:00:00,2022-07-14,1900-01-01 23:58:00,0 days 23:58:00,86280.0,7,28,195,4,3,0
703,HD_023,2022-07-15,1900-01-01 00:00:00,2022-07-15,1900-01-01 23:59:00,0 days 23:59:00,86340.0,7,28,196,5,3,0
704,DD_126,2022-07-15,1900-01-01 00:00:00,2022-07-15,1900-01-01 23:59:00,0 days 23:59:00,86340.0,7,28,196,5,3,0
705,HD_022,2022-07-15,1900-01-01 00:00:00,2022-07-15,1900-01-01 23:59:00,0 days 23:59:00,86340.0,7,28,196,5,3,0
706,DD_234,2022-07-15,1900-01-01 00:00:00,2022-07-15,1900-01-01 23:59:00,0 days 23:59:00,86340.0,7,28,196,5,3,0
707,HD_024,2022-07-15,1900-01-01 00:00:00,2022-07-15,1900-01-01 23:59:00,0 days 23:59:00,86340.0,7,28,196,5,3,0
708,DD_126,2022-07-16,1900-01-01 00:00:00,2022-07-16,1900-01-01 23:59:00,0 days 23:59:00,86340.0,7,28,197,6,3,0
709,HD_024,2022-07-16,1900-01-01 00:00:00,2022-07-16,1900-01-01 08:11:00,0 days 08:11:00,29460.0,7,28,197,6,3,0
710,DD_234,2022-07-16,1900-01-01 00:00:00,2022-07-16,1900-01-01 23:58:00,0 days 23:58:00,86280.0,7,28,197,6,3,0
711,HD_022,2022-07-16,1900-01-01 00:00:00,2022-07-16,1900-01-01 23:59:00,0 days 23:59:00,86340.0,7,28,197,6,3,0
712,HD_023,2022-07-16,1900-01-01 00:00:00,2022-07-16,1900-01-01 23:27:00,0 days 23:27:00,84420.0,7,28,197,6,3,0
713,HD_023,2022-07-17,1900-01-01 00:15:00,2022-07-17,1900-01-01 23:59:00,0 days 23:44:00,85440.0,7,29,198,0,3,0
714,DD_234,2022-07-17,1900-01-01 00:00:00,2022-07-17,1900-01-01 23:56:00,0 days 23:56:00,86160.0,7,29,198,0,3,0
715,DD_126,2022-07-17,1900-01-01 00:00:00,2022-07-17,1900-01-01 23:59:00,0 days 23:59:00,86340.0,7,29,198,0,3,0
716,HD_022,2022-07-17,1900-01-01 00:00:00,2022-07-17,1900-01-01 23:50:00,0 days 23:50:00,85800.0,7,29,198,0,3,0
717,HD_024,2022-07-17,1900-01-01 17:09:00,2022-07-17,1900-01-01 23:49:00,0 days 06:40:00,24000.0,7,29,198,0,3,17
718,DD_126,2022-07-18,1900-01-01 00:00:00,2022-07-18,1900-01-01 23:59:00,0 days 23:59:00,86340.0,7,29,199,1,3,0
719,HD_022,2022-07-18,1900-01-01 00:11:00,2022-07-18,1900-01-01 23:59:00,0 days 23:48:00,85680.0,7,29,199,1,3,0
720,HD_024,2022-07-18,1900-01-01 00:09:00,2022-07-18,1900-01-01 23:59:00,0 days 23:50:00,85800.0,7,29,199,1,3,0
721,DD_234,2022-07-18,1900-01-01 00:00:00,2022-07-18,1900-01-01 23:59:00,0 days 23:59:00,86340.0,7,29,199,1,3,0
722,HD_023,2022-07-18,1900-01-01 00:00:00,2022-07-18,1900-01-01 23:59:00,0 days 23:59:00,86340.0,7,29,199,1,3,0
723,HD_022,2022-07-19,1900-01-01 00:00:00,2022-07-19,1900-01-01 23:44:00,0 days 23:44:00,85440.0,7,29,200,2,3,0
724,DD_126,2022-07-19,1900-01-01 00:00:00,2022-07-19,1900-01-01 23:59:00,0 days 23:59:00,86340.0,7,29,200,2,3,0
725,HD_023,2022-07-19,1900-01-01 00:00:00,2022-07-19,1900-01-01 23:59:00,0 days 23:59:00,86340.0,7,29,200,2,3,0
726,HD_024,2022-07-19,1900-01-01 00:00:00,2022-07-19,1900-01-01 23:46:00,0 days 23:46:00,85560.0,7,29,200,2,3,0
727,DD_234,2022-07-19,1900-01-01 00:00:00,2022-07-19,1900-01-01 23:58:00,0 days 23:58:00,86280.0,7,29,200,2,3,0
728,DD_234,2022-07-20,1900-01-01 00:00:00,2022-07-20,1900-01-01 23:57:00,0 days 23:57:00,86220.0,7,29,201,3,3,0
729,DD_126,2022-07-20,1900-01-01 00:00:00,2022-07-20,1900-01-01 23:59:00,0 days 23:59:00,86340.0,7,29,201,3,3,0
730,HD_022,2022-07-20,1900-01-01 00:05:00,2022-07-20,1900-01-01 23:58:00,0 days 23:53:00,85980.0,7,29,201,3,3,0
731,HD_023,2022-07-20,1900-01-01 00:00:00,2022-07-20,1900-01-01 23:58:00,0 days 23:58:00,86280.0,7,29,201,3,3,0
732,HD_024,2022-07-20,1900-01-01 00:15:00,2022-07-20,1900-01-01 23:58:00,0 days 23:43:00,85380.0,7,29,201,3,3,0
733,DD_234,2022-07-21,1900-01-01 00:04:00,2022-07-21,1900-01-01 23:47:00,0 days 23:43:00,85380.0,7,29,202,4,3,0
734,DD_126,2022-07-21,1900-01-01 00:00:00,2022-07-21,1900-01-01 23:59:00,0 days 23:59:00,86340.0,7,29,202,4,3,0
735,HD_022,2022-07-21,1900-01-01 00:00:00,2022-07-21,1900-01-01 23:59:00,0 days 23:59:00,86340.0,7,29,202,4,3,0
736,HD_023,2022-07-21,1900-01-01 00:06:00,2022-07-21,1900-01-01 23:56:00,0 days 23:50:00,85800.0,7,29,202,4,3,0
737,HD_024,2022-07-21,1900-01-01 00:00:00,2022-07-21,1900-01-01 23:56:00,0 days 23:56:00,86160.0,7,29,202,4,3,0
738,HD_024,2022-07-22,1900-01-01 00:01:00,2022-07-22,1900-01-01 23:38:00,0 days 23:37:00,85020.0,7,29,203,5,3,0
739,HD_023,2022-07-22,1900-01-01 00:01:00,2022-07-22,1900-01-01 23:59:00,0 days 23:58:00,86280.0,7,29,203,5,3,0
740,HD_022,2022-07-22,1900-01-01 00:00:00,2022-07-22,1900-01-01 23:59:00,0 days 23:59:00,86340.0,7,29,203,5,3,0
741,DD_126,2022-07-22,1900-01-01 00:00:00,2022-07-22,1900-01-01 23:59:00,0 days 23:59:00,86340.0,7,29,203,5,3,0
742,DD_234,2022-07-22,1900-01-01 00:03:00,2022-07-22,1900-01-01 23:58:00,0 days 23:55:00,86100.0,7,29,203,5,3,0
743,HD_023,2022-07-23,1900-01-01 00:00:00,2022-07-23,1900-01-01 23:48:00,0 days 23:48:00,85680.0,7,29,204,6,3,0
744,DD_126,2022-07-23,1900-01-01 00:00:00,2022-07-23,1900-01-01 23:59:00,0 days 23:59:00,86340.0,7,29,204,6,3,0
745,HD_024,2022-07-23,1900-01-01 00:04:00,2022-07-23,1900-01-01 23:44:00,0 days 23:40:00,85200.0,7,29,204,6,3,0
746,DD_234,2022-07-23,1900-01-01 00:00:00,2022-07-23,1900-01-01 23:58:00,0 days 23:58:00,86280.0,7,29,204,6,3,0
747,HD_022,2022-07-23,1900-01-01 00:11:00,2022-07-23,1900-01-01 23:45:00,0 days 23:34:00,84840.0,7,29,204,6,3,0
748,HD_023,2022-07-24,1900-01-01 00:04:00,2022-07-24,1900-01-01 23:59:00,0 days 23:55:00,86100.0,7,30,205,0,3,0
749,HD_024,2022-07-24,1900-01-01 00:04:00,2022-07-24,1900-01-01 23:52:00,0 days 23:48:00,85680.0,7,30,205,0,3,0
750,HD_022,2022-07-24,1900-01-01 00:21:00,2022-07-24,1900-01-01 23:50:00,0 days 23:29:00,84540.0,7,30,205,0,3,0
751,DD_126,2022-07-24,1900-01-01 00:00:00,2022-07-24,1900-01-01 23:59:00,0 days 23:59:00,86340.0,7,30,205,0,3,0
752,DD_234,2022-07-24,1900-01-01 00:01:00,2022-07-24,1900-01-01 23:59:00,0 days 23:58:00,86280.0,7,30,205,0,3,0
753,DD_126,2022-07-25,1900-01-01 00:00:00,2022-07-25,1900-01-01 23:59:00,0 days 23:59:00,86340.0,7,30,206,1,3,0
754,HD_023,2022-07-25,1900-01-01 00:03:00,2022-07-25,1900-01-01 23:48:00,0 days 23:45:00,85500.0,7,30,206,1,3,0
755,DD_234,2022-07-25,1900-01-01 00:00:00,2022-07-25,1900-01-01 23:59:00,0 days 23:59:00,86340.0,7,30,206,1,3,0
756,HD_024,2022-07-25,1900-01-01 00:03:00,2022-07-25,1900-01-01 23:44:00,0 days 23:41:00,85260.0,7,30,206,1,3,0
757,HD_022,2022-07-25,1900-01-01 00:21:00,2022-07-25,1900-01-01 23:59:00,0 days 23:38:00,85080.0,7,30,206,1,3,0
758,HD_023,2022-07-26,1900-01-01 00:13:00,2022-07-26,1900-01-01 23:48:00,0 days 23:35:00,84900.0,7,30,207,2,3,0
759,HD_024,2022-07-26,1900-01-01 00:08:00,2022-07-26,1900-01-01 23:59:00,0 days 23:51:00,85860.0,7,30,207,2,3,0
760,HD_022,2022-07-26,1900-01-01 00:09:00,2022-07-26,1900-01-01 23:53:00,0 days 23:44:00,85440.0,7,30,207,2,3,0
761,DD_126,2022-07-26,1900-01-01 00:00:00,2022-07-26,1900-01-01 23:59:00,0 days 23:59:00,86340.0,7,30,207,2,3,0
762,DD_234,2022-07-26,1900-01-01 00:05:00,2022-07-26,1900-01-01 23:59:00,0 days 23:54:00,86040.0,7,30,207,2,3,0
763,DD_126,2022-07-27,1900-01-01 00:00:00,2022-07-27,1900-01-01 23:59:00,0 days 23:59:00,86340.0,7,30,208,3,3,0
764,DD_234,2022-07-27,1900-01-01 00:01:00,2022-07-27,1900-01-01 23:59:00,0 days 23:58:00,86280.0,7,30,208,3,3,0
765,HD_024,2022-07-27,1900-01-01 00:00:00,2022-07-27,1900-01-01 23:59:00,0 days 23:59:00,86340.0,7,30,208,3,3,0
766,HD_023,2022-07-27,1900-01-01 00:17:00,2022-07-27,1900-01-01 23:54:00,0 days 23:37:00,85020.0,7,30,208,3,3,0
767,HD_022,2022-07-27,1900-01-01 00:13:00,2022-07-27,1900-01-01 23:50:00,0 days 23:37:00,85020.0,7,30,208,3,3,0
768,DD_234,2022-07-28,1900-01-01 00:00:00,2022-07-28,1900-01-01 23:59:00,0 days 23:59:00,86340.0,7,30,209,4,3,0
769,DD_126,2022-07-28,1900-01-01 00:00:00,2022-07-28,1900-01-01 23:59:00,0 days 23:59:00,86340.0,7,30,209,4,3,0
770,HD_023,2022-07-28,1900-01-01 00:20:00,2022-07-28,1900-01-01 23:59:00,0 days 23:39:00,85140.0,7,30,209,4,3,0
771,HD_022,2022-07-28,1900-01-01 00:28:00,2022-07-28,1900-01-01 23:59:00,0 days 23:31:00,84660.0,7,30,209,4,3,0
772,HD_024,2022-07-28,1900-01-01 00:00:00,2022-07-28,1900-01-01 23:52:00,0 days 23:52:00,85920.0,7,30,209,4,3,0
773,DD_234,2022-07-29,1900-01-01 00:00:00,2022-07-29,1900-01-01 23:59:00,0 days 23:59:00,86340.0,7,30,210,5,3,0
774,DD_126,2022-07-29,1900-01-01 00:00:00,2022-07-29,1900-01-01 23:59:00,0 days 23:59:00,86340.0,7,30,210,5,3,0
775,HD_022,2022-07-29,1900-01-01 00:21:00,2022-07-29,1900-01-01 23:59:00,0 days 23:38:00,85080.0,7,30,210,5,3,0
776,HD_023,2022-07-29,1900-01-01 00:00:00,2022-07-29,1900-01-01 23:46:00,0 days 23:46:00,85560.0,7,30,210,5,3,0
777,HD_024,2022-07-29,1900-01-01 00:21:00,2022-07-29,1900-01-01 21:04:00,0 days 20:43:00,74580.0,7,30,210,5,3,0
778,HD_022,2022-07-30,1900-01-01 00:02:00,2022-07-30,1900-01-01 23:58:00,0 days 23:56:00,86160.0,7,30,211,6,3,0
779,HD_023,2022-07-30,1900-01-01 00:21:00,2022-07-30,1900-01-01 23:54:00,0 days 23:33:00,84780.0,7,30,211,6,3,0
780,DD_126,2022-07-30,1900-01-01 00:00:00,2022-07-30,1900-01-01 23:56:00,0 days 23:56:00,86160.0,7,30,211,6,3,0
781,DD_234,2022-07-30,1900-01-01 00:00:00,2022-07-30,1900-01-01 23:59:00,0 days 23:59:00,86340.0,7,30,211,6,3,0
782,HD_022,2022-07-31,1900-01-01 00:00:00,2022-07-31,1900-01-01 23:59:00,0 days 23:59:00,86340.0,7,31,212,0,3,0
783,DD_234,2022-07-31,1900-01-01 00:00:00,2022-07-31,1900-01-01 23:59:00,0 days 23:59:00,86340.0,7,31,212,0,3,0
784,HD_023,2022-07-31,1900-01-01 00:17:00,2022-07-31,1900-01-01 23:53:00,0 days 23:36:00,84960.0,7,31,212,0,3,0
785,DD_126,2022-07-31,1900-01-01 00:12:00,2022-07-31,1900-01-01 23:59:00,0 days 23:47:00,85620.0,7,31,212,0,3,0
786,DD_126,2022-08-01,1900-01-01 00:00:00,2022-08-01,1900-01-01 23:59:00,0 days 23:59:00,86340.0,8,31,213,0,3,0
787,DD_185,2022-08-01,1900-01-01 00:01:00,2022-08-01,1900-01-01 23:49:00,0 days 23:48:00,85680.0,8,31,213,0,3,0
788,DD_185,2022-08-02,1900-01-01 00:07:00,2022-08-02,1900-01-01 23:59:00,0 days 23:52:00,85920.0,8,31,214,1,3,0
789,DD_126,2022-08-02,1900-01-01 00:00:00,2022-08-02,1900-01-01 23:59:00,0 days 23:59:00,86340.0,8,31,214,1,3,0
790,DD_126,2022-08-03,1900-01-01 00:00:00,2022-08-03,1900-01-01 23:59:00,0 days 23:59:00,86340.0,8,31,215,2,3,0
791,DD_185,2022-08-03,1900-01-01 00:04:00,2022-08-03,1900-01-01 23:58:00,0 days 23:54:00,86040.0,8,31,215,2,3,0
792,DD_185,2022-08-04,1900-01-01 00:00:00,2022-08-04,1900-01-01 23:59:00,0 days 23:59:00,86340.0,8,31,216,3,3,0
793,DD_126,2022-08-04,1900-01-01 00:00:00,2022-08-04,1900-01-01 23:59:00,0 days 23:59:00,86340.0,8,31,216,3,3,0
794,DD_185,2022-08-05,1900-01-01 00:00:00,2022-08-05,1900-01-01 23:59:00,0 days 23:59:00,86340.0,8,31,217,4,3,0
795,DD_126,2022-08-05,1900-01-01 00:00:00,2022-08-05,1900-01-01 23:59:00,0 days 23:59:00,86340.0,8,31,217,4,3,0
796,DD_185,2022-08-06,1900-01-01 00:00:00,2022-08-06,1900-01-01 23:59:00,0 days 23:59:00,86340.0,8,31,218,5,3,0
797,DD_126,2022-08-06,1900-01-01 00:00:00,2022-08-06,1900-01-01 23:42:00,0 days 23:42:00,85320.0,8,31,218,5,3,0
798,DD_234,2022-08-07,1900-01-01 17:28:00,2022-08-07,1900-01-01 23:57:00,0 days 06:29:00,23340.0,8,31,219,6,3,17
799,DD_126,2022-08-07,1900-01-01 00:13:00,2022-08-07,1900-01-01 23:59:00,0 days 23:46:00,85560.0,8,31,219,6,3,0
800,DD_185,2022-08-07,1900-01-01 00:00:00,2022-08-07,1900-01-01 23:59:00,0 days 23:59:00,86340.0,8,31,219,6,3,0
801,DD_234,2022-08-08,1900-01-01 00:03:00,2022-08-08,1900-01-01 23:55:00,0 days 23:52:00,85920.0,8,32,220,0,3,0
802,DD_126,2022-08-08,1900-01-01 00:00:00,2022-08-08,1900-01-01 23:59:00,0 days 23:59:00,86340.0,8,32,220,0,3,0
803,DD_185,2022-08-08,1900-01-01 00:00:00,2022-08-08,1900-01-01 23:59:00,0 days 23:59:00,86340.0,8,32,220,0,3,0
804,DD_126,2022-08-09,1900-01-01 00:00:00,2022-08-09,1900-01-01 23:57:00,0 days 23:57:00,86220.0,8,32,221,1,3,0
805,DD_185,2022-08-09,1900-01-01 00:00:00,2022-08-09,1900-01-01 23:59:00,0 days 23:59:00,86340.0,8,32,221,1,3,0
806,DD_234,2022-08-09,1900-01-01 00:05:00,2022-08-09,1900-01-01 23:59:00,0 days 23:54:00,86040.0,8,32,221,1,3,0
807,DD_185,2022-08-10,1900-01-01 00:00:00,2022-08-10,1900-01-01 23:59:00,0 days 23:59:00,86340.0,8,32,222,2,3,0
808,DD_126,2022-08-10,1900-01-01 00:00:00,2022-08-10,1900-01-01 23:59:00,0 days 23:59:00,86340.0,8,32,222,2,3,0
809,DD_234,2022-08-10,1900-01-01 00:00:00,2022-08-10,1900-01-01 23:59:00,0 days 23:59:00,86340.0,8,32,222,2,3,0
810,DD_185,2022-08-11,1900-01-01 00:00:00,2022-08-11,1900-01-01 23:59:00,0 days 23:59:00,86340.0,8,32,223,3,3,0
811,DD_234,2022-08-11,1900-01-01 00:00:00,2022-08-11,1900-01-01 23:59:00,0 days 23:59:00,86340.0,8,32,223,3,3,0
812,DD_126,2022-08-11,1900-01-01 00:00:00,2022-08-11,1900-01-01 23:59:00,0 days 23:59:00,86340.0,8,32,223,3,3,0
813,DD_126,2022-08-12,1900-01-01 00:00:00,2022-08-12,1900-01-01 23:44:00,0 days 23:44:00,85440.0,8,32,224,4,3,0
814,DD_185,2022-08-12,1900-01-01 00:09:00,2022-08-12,1900-01-01 23:59:00,0 days 23:50:00,85800.0,8,32,224,4,3,0
815,DD_234,2022-08-12,1900-01-01 00:00:00,2022-08-12,1900-01-01 23:42:00,0 days 23:42:00,85320.0,8,32,224,4,3,0
816,DD_234,2022-08-13,1900-01-01 00:23:00,2022-08-13,1900-01-01 23:59:00,0 days 23:36:00,84960.0,8,32,225,5,3,0
817,DD_185,2022-08-13,1900-01-01 00:00:00,2022-08-13,1900-01-01 23:59:00,0 days 23:59:00,86340.0,8,32,225,5,3,0
818,DD_126,2022-08-13,1900-01-01 00:15:00,2022-08-13,1900-01-01 23:59:00,0 days 23:44:00,85440.0,8,32,225,5,3,0
819,DD_234,2022-08-14,1900-01-01 00:00:00,2022-08-14,1900-01-01 23:59:00,0 days 23:59:00,86340.0,8,32,226,6,3,0
820,DD_185,2022-08-14,1900-01-01 00:00:00,2022-08-14,1900-01-01 23:59:00,0 days 23:59:00,86340.0,8,32,226,6,3,0
821,DD_126,2022-08-14,1900-01-01 00:01:00,2022-08-14,1900-01-01 23:59:00,0 days 23:58:00,86280.0,8,32,226,6,3,0
822,DD_126,2022-08-15,1900-01-01 00:00:00,2022-08-15,1900-01-01 23:59:00,0 days 23:59:00,86340.0,8,33,227,0,3,0
823,DD_234,2022-08-15,1900-01-01 00:00:00,2022-08-15,1900-01-01 23:59:00,0 days 23:59:00,86340.0,8,33,227,0,3,0
824,DD_185,2022-08-15,1900-01-01 00:00:00,2022-08-15,1900-01-01 23:59:00,0 days 23:59:00,86340.0,8,33,227,0,3,0
825,DD_234,2022-08-16,1900-01-01 00:00:00,2022-08-16,1900-01-01 23:59:00,0 days 23:59:00,86340.0,8,33,228,1,3,0
826,DD_126,2022-08-16,1900-01-01 00:00:00,2022-08-16,1900-01-01 23:59:00,0 days 23:59:00,86340.0,8,33,228,1,3,0
827,DD_185,2022-08-16,1900-01-01 00:00:00,2022-08-16,1900-01-01 23:59:00,0 days 23:59:00,86340.0,8,33,228,1,3,0
828,DD_126,2022-08-17,1900-01-01 00:00:00,2022-08-17,1900-01-01 23:59:00,0 days 23:59:00,86340.0,8,33,229,2,3,0
829,DD_234,2022-08-17,1900-01-01 00:01:00,2022-08-17,1900-01-01 23:59:00,0 days 23:58:00,86280.0,8,33,229,2,3,0
830,DD_185,2022-08-17,1900-01-01 00:00:00,2022-08-17,1900-01-01 23:58:00,0 days 23:58:00,86280.0,8,33,229,2,3,0
831,DD_126,2022-08-18,1900-01-01 00:00:00,2022-08-18,1900-01-01 15:37:00,0 days 15:37:00,56220.0,8,33,230,3,3,0
832,DD_234,2022-08-18,1900-01-01 00:00:00,2022-08-18,1900-01-01 23:22:00,0 days 23:22:00,84120.0,8,33,230,3,3,0
833,DD_185,2022-08-18,1900-01-01 00:00:00,2022-08-18,1900-01-01 23:59:00,0 days 23:59:00,86340.0,8,33,230,3,3,0
834,DD_126,2022-08-19,1900-01-01 07:47:00,2022-08-19,1900-01-01 23:59:00,0 days 16:12:00,58320.0,8,33,231,4,3,7
835,DD_234,2022-08-19,1900-01-01 00:04:00,2022-08-19,1900-01-01 07:43:00,0 days 07:39:00,27540.0,8,33,231,4,3,0
836,DD_185,2022-08-19,1900-01-01 00:01:00,2022-08-19,1900-01-01 23:59:00,0 days 23:58:00,86280.0,8,33,231,4,3,0
837,DD_185,2022-08-20,1900-01-01 00:00:00,2022-08-20,1900-01-01 08:22:00,0 days 08:22:00,30120.0,8,33,232,5,3,0
838,DD_126,2022-08-20,1900-01-01 00:00:00,2022-08-20,1900-01-01 12:49:00,0 days 12:49:00,46140.0,8,33,232,5,3,0
839,DD_126,2022-08-22,1900-01-01 12:31:00,2022-08-22,1900-01-01 13:13:00,0 days 00:42:00,2520.0,8,34,234,0,3,12
840,DD_234,2022-08-22,1900-01-01 09:09:00,2022-08-22,1900-01-01 14:40:00,0 days 05:31:00,19860.0,8,34,234,0,3,9
841,DD_185,2022-08-22,1900-01-01 07:55:00,2022-08-22,1900-01-01 14:26:00,0 days 06:31:00,23460.0,8,34,234,0,3,7
842,DD_234,2022-08-23,1900-01-01 09:50:00,2022-08-23,1900-01-01 23:58:00,0 days 14:08:00,50880.0,8,34,235,1,3,9
843,DD_126,2022-08-23,1900-01-01 07:34:00,2022-08-23,1900-01-01 23:58:00,0 days 16:24:00,59040.0,8,34,235,1,3,7
844,DD_234,2022-08-24,1900-01-01 00:00:00,2022-08-24,1900-01-01 13:32:00,0 days 13:32:00,48720.0,8,34,236,2,3,0
845,DD_126,2022-08-24,1900-01-01 00:02:00,2022-08-24,1900-01-01 23:58:00,0 days 23:56:00,86160.0,8,34,236,2,3,0
846,DD_185,2022-08-24,1900-01-01 11:01:00,2022-08-24,1900-01-01 15:48:00,0 days 04:47:00,17220.0,8,34,236,2,3,11
847,DD_126,2022-08-25,1900-01-01 00:00:00,2022-08-25,1900-01-01 14:28:00,0 days 14:28:00,52080.0,8,34,237,3,3,0
848,DD_234,2022-08-25,1900-01-01 15:34:00,2022-08-25,1900-01-01 23:59:00,0 days 08:25:00,30300.0,8,34,237,3,3,15
849,DD_185,2022-08-25,1900-01-01 07:58:00,2022-08-25,1900-01-01 15:32:00,0 days 07:34:00,27240.0,8,34,237,3,3,7
850,DD_126,2022-08-26,1900-01-01 07:28:00,2022-08-26,1900-01-01 23:50:00,0 days 16:22:00,58920.0,8,34,238,4,3,7
851,DD_234,2022-08-26,1900-01-01 00:01:00,2022-08-26,1900-01-01 23:59:00,0 days 23:58:00,86280.0,8,34,238,4,3,0
852,DD_185,2022-08-26,1900-01-01 03:49:00,2022-08-26,1900-01-01 23:59:00,0 days 20:10:00,72600.0,8,34,238,4,3,3
853,DD_126,2022-08-27,1900-01-01 00:13:00,2022-08-27,1900-01-01 23:57:00,0 days 23:44:00,85440.0,8,34,239,5,3,0
854,DD_185,2022-08-27,1900-01-01 00:00:00,2022-08-27,1900-01-01 23:51:00,0 days 23:51:00,85860.0,8,34,239,5,3,0
855,DD_234,2022-08-27,1900-01-01 00:02:00,2022-08-27,1900-01-01 23:57:00,0 days 23:55:00,86100.0,8,34,239,5,3,0
856,DD_185,2022-08-28,1900-01-01 00:14:00,2022-08-28,1900-01-01 16:38:00,0 days 16:24:00,59040.0,8,34,240,6,3,0
857,DD_234,2022-08-28,1900-01-01 00:00:00,2022-08-28,1900-01-01 23:59:00,0 days 23:59:00,86340.0,8,34,240,6,3,0
858,DD_126,2022-08-28,1900-01-01 00:00:00,2022-08-28,1900-01-01 23:59:00,0 days 23:59:00,86340.0,8,34,240,6,3,0
859,DD_185,2022-08-29,1900-01-01 09:41:00,2022-08-29,1900-01-01 23:43:00,0 days 14:02:00,50520.0,8,35,241,0,3,9
860,DD_234,2022-08-29,1900-01-01 00:00:00,2022-08-29,1900-01-01 23:59:00,0 days 23:59:00,86340.0,8,35,241,0,3,0
861,DD_126,2022-08-29,1900-01-01 00:00:00,2022-08-29,1900-01-01 23:59:00,0 days 23:59:00,86340.0,8,35,241,0,3,0
862,DD_185,2022-08-30,1900-01-01 00:20:00,2022-08-30,1900-01-01 23:41:00,0 days 23:21:00,84060.0,8,35,242,1,3,0
863,DD_126,2022-08-30,1900-01-01 00:00:00,2022-08-30,1900-01-01 23:47:00,0 days 23:47:00,85620.0,8,35,242,1,3,0
864,DD_234,2022-08-30,1900-01-01 00:00:00,2022-08-30,1900-01-01 23:59:00,0 days 23:59:00,86340.0,8,35,242,1,3,0
865,DD_234,2022-08-31,1900-01-01 00:00:00,2022-08-31,1900-01-01 23:59:00,0 days 23:59:00,86340.0,8,35,243,2,3,0
866,DD_185,2022-08-31,1900-01-01 00:24:00,2022-08-31,1900-01-01 23:58:00,0 days 23:34:00,84840.0,8,35,243,2,3,0
867,DD_126,2022-08-31,1900-01-01 00:23:00,2022-08-31,1900-01-01 23:45:00,0 days 23:22:00,84120.0,8,35,243,2,3,0
868,DD_185,2022-09-01,1900-01-01 00:00:00,2022-09-01,1900-01-01 23:55:00,0 days 23:55:00,86100.0,9,35,244,3,3,0
869,DD_126,2022-09-01,1900-01-01 00:00:00,2022-09-01,1900-01-01 23:44:00,0 days 23:44:00,85440.0,9,35,244,3,3,0
870,DD_234,2022-09-01,1900-01-01 00:00:00,2022-09-01,1900-01-01 23:59:00,0 days 23:59:00,86340.0,9,35,244,3,3,0
871,DD_234,2022-09-02,1900-01-01 00:00:00,2022-09-02,1900-01-01 23:59:00,0 days 23:59:00,86340.0,9,35,245,4,3,0
872,DD_185,2022-09-02,1900-01-01 00:04:00,2022-09-02,1900-01-01 23:39:00,0 days 23:35:00,84900.0,9,35,245,4,3,0
873,DD_126,2022-09-02,1900-01-01 00:17:00,2022-09-02,1900-01-01 23:54:00,0 days 23:37:00,85020.0,9,35,245,4,3,0
874,DD_185,2022-09-03,1900-01-01 00:27:00,2022-09-03,1900-01-01 23:59:00,0 days 23:32:00,84720.0,9,35,246,5,3,0
875,DD_126,2022-09-03,1900-01-01 00:18:00,2022-09-03,1900-01-01 23:44:00,0 days 23:26:00,84360.0,9,35,246,5,3,0
876,DD_234,2022-09-03,1900-01-01 00:00:00,2022-09-03,1900-01-01 23:59:00,0 days 23:59:00,86340.0,9,35,246,5,3,0
877,DD_126,2022-09-04,1900-01-01 00:14:00,2022-09-04,1900-01-01 23:56:00,0 days 23:42:00,85320.0,9,35,247,6,3,0
878,DD_234,2022-09-04,1900-01-01 00:00:00,2022-09-04,1900-01-01 23:59:00,0 days 23:59:00,86340.0,9,35,247,6,3,0
879,DD_185,2022-09-04,1900-01-01 00:00:00,2022-09-04,1900-01-01 23:59:00,0 days 23:59:00,86340.0,9,35,247,6,3,0
880,DD_126,2022-09-05,1900-01-01 00:02:00,2022-09-05,1900-01-01 23:41:00,0 days 23:39:00,85140.0,9,36,248,0,3,0
881,DD_234,2022-09-05,1900-01-01 00:00:00,2022-09-05,1900-01-01 23:59:00,0 days 23:59:00,86340.0,9,36,248,0,3,0
882,DD_185,2022-09-05,1900-01-01 00:00:00,2022-09-05,1900-01-01 23:59:00,0 days 23:59:00,86340.0,9,36,248,0,3,0
883,DD_126,2022-09-06,1900-01-01 00:20:00,2022-09-06,1900-01-01 23:59:00,0 days 23:39:00,85140.0,9,36,249,1,3,0
884,DD_234,2022-09-06,1900-01-01 00:00:00,2022-09-06,1900-01-01 23:59:00,0 days 23:59:00,86340.0,9,36,249,1,3,0
885,DD_185,2022-09-06,1900-01-01 00:00:00,2022-09-06,1900-01-01 23:45:00,0 days 23:45:00,85500.0,9,36,249,1,3,0
886,DD_234,2022-09-07,1900-01-01 00:00:00,2022-09-07,1900-01-01 23:57:00,0 days 23:57:00,86220.0,9,36,250,2,3,0
887,DD_126,2022-09-07,1900-01-01 00:00:00,2022-09-07,1900-01-01 23:48:00,0 days 23:48:00,85680.0,9,36,250,2,3,0
888,DD_185,2022-09-07,1900-01-01 00:32:00,2022-09-07,1900-01-01 23:59:00,0 days 23:27:00,84420.0,9,36,250,2,3,0
889,DD_234,2022-09-08,1900-01-01 00:00:00,2022-09-08,1900-01-01 23:59:00,0 days 23:59:00,86340.0,9,36,251,3,3,0
890,DD_126,2022-09-08,1900-01-01 00:14:00,2022-09-08,1900-01-01 23:52:00,0 days 23:38:00,85080.0,9,36,251,3,3,0
891,DD_185,2022-09-08,1900-01-01 00:00:00,2022-09-08,1900-01-01 23:59:00,0 days 23:59:00,86340.0,9,36,251,3,3,0
892,DD_185,2022-09-09,1900-01-01 00:01:00,2022-09-09,1900-01-01 23:59:00,0 days 23:58:00,86280.0,9,36,252,4,3,0
893,DD_126,2022-09-09,1900-01-01 00:12:00,2022-09-09,1900-01-01 23:59:00,0 days 23:47:00,85620.0,9,36,252,4,3,0
894,DD_234,2022-09-09,1900-01-01 00:00:00,2022-09-09,1900-01-01 23:59:00,0 days 23:59:00,86340.0,9,36,252,4,3,0
895,DD_234,2022-09-10,1900-01-01 00:00:00,2022-09-10,1900-01-01 23:53:00,0 days 23:53:00,85980.0,9,36,253,5,3,0
896,DD_126,2022-09-10,1900-01-01 00:00:00,2022-09-10,1900-01-01 23:57:00,0 days 23:57:00,86220.0,9,36,253,5,3,0
897,DD_185,2022-09-10,1900-01-01 00:00:00,2022-09-10,1900-01-01 23:59:00,0 days 23:59:00,86340.0,9,36,253,5,3,0
898,DD_126,2022-09-11,1900-01-01 00:02:00,2022-09-11,1900-01-01 23:55:00,0 days 23:53:00,85980.0,9,36,254,6,3,0
899,DD_234,2022-09-11,1900-01-01 00:00:00,2022-09-11,1900-01-01 23:59:00,0 days 23:59:00,86340.0,9,36,254,6,3,0
900,DD_185,2022-09-11,1900-01-01 00:00:00,2022-09-11,1900-01-01 23:59:00,0 days 23:59:00,86340.0,9,36,254,6,3,0
901,DD_234,2022-09-12,1900-01-01 00:00:00,2022-09-12,1900-01-01 23:59:00,0 days 23:59:00,86340.0,9,37,255,0,3,0
902,DD_126,2022-09-12,1900-01-01 00:15:00,2022-09-12,1900-01-01 23:39:00,0 days 23:24:00,84240.0,9,37,255,0,3,0
903,DD_185,2022-09-12,1900-01-01 00:00:00,2022-09-12,1900-01-01 23:59:00,0 days 23:59:00,86340.0,9,37,255,0,3,0
904,DD_234,2022-09-13,1900-01-01 00:01:00,2022-09-13,1900-01-01 23:59:00,0 days 23:58:00,86280.0,9,37,256,1,3,0
905,DD_126,2022-09-13,1900-01-01 00:10:00,2022-09-13,1900-01-01 23:56:00,0 days 23:46:00,85560.0,9,37,256,1,3,0
906,DD_185,2022-09-13,1900-01-01 00:00:00,2022-09-13,1900-01-01 23:59:00,0 days 23:59:00,86340.0,9,37,256,1,3,0
907,DD_126,2022-09-14,1900-01-01 00:01:00,2022-09-14,1900-01-01 23:44:00,0 days 23:43:00,85380.0,9,37,257,2,3,0
908,DD_234,2022-09-14,1900-01-01 00:00:00,2022-09-14,1900-01-01 23:59:00,0 days 23:59:00,86340.0,9,37,257,2,3,0
909,DD_185,2022-09-14,1900-01-01 00:00:00,2022-09-14,1900-01-01 23:59:00,0 days 23:59:00,86340.0,9,37,257,2,3,0
910,DD_126,2022-09-15,1900-01-01 00:11:00,2022-09-15,1900-01-01 23:57:00,0 days 23:46:00,85560.0,9,37,258,3,3,0
911,DD_185,2022-09-15,1900-01-01 00:00:00,2022-09-15,1900-01-01 23:59:00,0 days 23:59:00,86340.0,9,37,258,3,3,0
912,DD_234,2022-09-15,1900-01-01 00:01:00,2022-09-15,1900-01-01 23:59:00,0 days 23:58:00,86280.0,9,37,258,3,3,0
913,DD_126,2022-09-16,1900-01-01 00:04:00,2022-09-16,1900-01-01 23:43:00,0 days 23:39:00,85140.0,9,37,259,4,3,0
914,DD_234,2022-09-16,1900-01-01 00:00:00,2022-09-16,1900-01-01 23:58:00,0 days 23:58:00,86280.0,9,37,259,4,3,0
915,DD_185,2022-09-16,1900-01-01 00:00:00,2022-09-16,1900-01-01 23:59:00,0 days 23:59:00,86340.0,9,37,259,4,3,0
916,DD_126,2022-09-17,1900-01-01 00:13:00,2022-09-17,1900-01-01 23:54:00,0 days 23:41:00,85260.0,9,37,260,5,3,0
917,DD_234,2022-09-17,1900-01-01 00:00:00,2022-09-17,1900-01-01 23:57:00,0 days 23:57:00,86220.0,9,37,260,5,3,0
918,DD_185,2022-09-17,1900-01-01 00:00:00,2022-09-17,1900-01-01 18:27:00,0 days 18:27:00,66420.0,9,37,260,5,3,0
919,DD_126,2022-09-18,1900-01-01 00:18:00,2022-09-18,1900-01-01 23:44:00,0 days 23:26:00,84360.0,9,37,261,6,3,0
920,DD_234,2022-09-18,1900-01-01 00:01:00,2022-09-18,1900-01-01 23:59:00,0 days 23:58:00,86280.0,9,37,261,6,3,0
921,DD_126,2022-09-19,1900-01-01 00:23:00,2022-09-19,1900-01-01 23:49:00,0 days 23:26:00,84360.0,9,38,262,0,3,0
922,DD_234,2022-09-19,1900-01-01 00:00:00,2022-09-19,1900-01-01 23:59:00,0 days 23:59:00,86340.0,9,38,262,0,3,0
923,DD_126,2022-09-20,1900-01-01 00:17:00,2022-09-20,1900-01-01 23:58:00,0 days 23:41:00,85260.0,9,38,263,1,3,0
924,DD_234,2022-09-20,1900-01-01 00:01:00,2022-09-20,1900-01-01 23:59:00,0 days 23:58:00,86280.0,9,38,263,1,3,0
925,DD_126,2022-09-21,1900-01-01 00:00:00,2022-09-21,1900-01-01 23:58:00,0 days 23:58:00,86280.0,9,38,264,2,3,0
926,DD_234,2022-09-21,1900-01-01 00:00:00,2022-09-21,1900-01-01 23:59:00,0 days 23:59:00,86340.0,9,38,264,2,3,0
927,DD_126,2022-09-22,1900-01-01 00:08:00,2022-09-22,1900-01-01 23:59:00,0 days 23:51:00,85860.0,9,38,265,3,3,0
928,DD_185,2022-09-22,1900-01-01 16:07:00,2022-09-22,1900-01-01 23:59:00,0 days 07:52:00,28320.0,9,38,265,3,3,16
929,DD_234,2022-09-22,1900-01-01 00:00:00,2022-09-22,1900-01-01 23:59:00,0 days 23:59:00,86340.0,9,38,265,3,3,0
930,DD_126,2022-09-23,1900-01-01 00:00:00,2022-09-23,1900-01-01 23:56:00,0 days 23:56:00,86160.0,9,38,266,4,3,0
931,DD_185,2022-09-23,1900-01-01 00:00:00,2022-09-23,1900-01-01 23:59:00,0 days 23:59:00,86340.0,9,38,266,4,3,0
932,DD_234,2022-09-23,1900-01-01 00:00:00,2022-09-23,1900-01-01 23:59:00,0 days 23:59:00,86340.0,9,38,266,4,3,0
933,DD_234,2022-09-24,1900-01-01 00:00:00,2022-09-24,1900-01-01 23:59:00,0 days 23:59:00,86340.0,9,38,267,5,3,0
934,DD_185,2022-09-24,1900-01-01 00:00:00,2022-09-24,1900-01-01 20:25:00,0 days 20:25:00,73500.0,9,38,267,5,3,0
935,DD_126,2022-09-24,1900-01-01 00:12:00,2022-09-24,1900-01-01 23:59:00,0 days 23:47:00,85620.0,9,38,267,5,3,0
936,DD_234,2022-09-25,1900-01-01 00:00:00,2022-09-25,1900-01-01 23:59:00,0 days 23:59:00,86340.0,9,38,268,6,3,0
937,DD_126,2022-09-25,1900-01-01 00:00:00,2022-09-25,1900-01-01 23:54:00,0 days 23:54:00,86040.0,9,38,268,6,3,0
938,DD_185,2022-09-25,1900-01-01 04:58:00,2022-09-25,1900-01-01 23:59:00,0 days 19:01:00,68460.0,9,38,268,6,3,4
939,DD_126,2022-09-26,1900-01-01 00:10:00,2022-09-26,1900-01-01 23:59:00,0 days 23:49:00,85740.0,9,39,269,0,3,0
940,DD_185,2022-09-26,1900-01-01 00:00:00,2022-09-26,1900-01-01 23:59:00,0 days 23:59:00,86340.0,9,39,269,0,3,0
941,DD_234,2022-09-26,1900-01-01 00:00:00,2022-09-26,1900-01-01 23:59:00,0 days 23:59:00,86340.0,9,39,269,0,3,0
942,DD_126,2022-09-27,1900-01-01 00:00:00,2022-09-27,1900-01-01 23:47:00,0 days 23:47:00,85620.0,9,39,270,1,3,0
943,DD_185,2022-09-27,1900-01-01 00:00:00,2022-09-27,1900-01-01 23:59:00,0 days 23:59:00,86340.0,9,39,270,1,3,0
944,DD_234,2022-09-27,1900-01-01 00:00:00,2022-09-27,1900-01-01 23:59:00,0 days 23:59:00,86340.0,9,39,270,1,3,0
945,DD_234,2022-09-28,1900-01-01 00:00:00,2022-09-28,1900-01-01 23:55:00,0 days 23:55:00,86100.0,9,39,271,2,3,0
946,DD_126,2022-09-28,1900-01-01 00:19:00,2022-09-28,1900-01-01 23:59:00,0 days 23:40:00,85200.0,9,39,271,2,3,0
947,DD_185,2022-09-28,1900-01-01 00:00:00,2022-09-28,1900-01-01 23:48:00,0 days 23:48:00,85680.0,9,39,271,2,3,0
948,DD_126,2022-09-29,1900-01-01 00:02:00,2022-09-29,1900-01-01 23:59:00,0 days 23:57:00,86220.0,9,39,272,3,3,0
949,DD_185,2022-09-29,1900-01-01 00:12:00,2022-09-29,1900-01-01 23:59:00,0 days 23:47:00,85620.0,9,39,272,3,3,0
950,DD_234,2022-09-29,1900-01-01 00:00:00,2022-09-29,1900-01-01 23:59:00,0 days 23:59:00,86340.0,9,39,272,3,3,0
951,DD_126,2022-09-30,1900-01-01 00:00:00,2022-09-30,1900-01-01 23:59:00,0 days 23:59:00,86340.0,9,39,273,4,3,0
952,DD_234,2022-09-30,1900-01-01 00:00:00,2022-09-30,1900-01-01 23:59:00,0 days 23:59:00,86340.0,9,39,273,4,3,0
953,DD_185,2022-09-30,1900-01-01 00:02:00,2022-09-30,1900-01-01 23:53:00,0 days 23:51:00,85860.0,9,39,273,4,3,0
954,DD_126,2022-10-01,1900-01-01 00:00:00,2022-10-01,1900-01-01 23:59:00,0 days 23:59:00,86340.0,10,39,274,5,4,0
955,DD_185,2022-10-01,1900-01-01 00:11:00,2022-10-01,1900-01-01 23:59:00,0 days 23:48:00,85680.0,10,39,274,5,4,0
956,DD_234,2022-10-01,1900-01-01 00:00:00,2022-10-01,1900-01-01 23:59:00,0 days 23:59:00,86340.0,10,39,274,5,4,0
957,DD_126,2022-10-02,1900-01-01 00:00:00,2022-10-02,1900-01-01 23:59:00,0 days 23:59:00,86340.0,10,39,275,6,4,0
958,DD_185,2022-10-02,1900-01-01 00:01:00,2022-10-02,1900-01-01 23:59:00,0 days 23:58:00,86280.0,10,39,275,6,4,0
959,DD_234,2022-10-02,1900-01-01 00:00:00,2022-10-02,1900-01-01 23:59:00,0 days 23:59:00,86340.0,10,39,275,6,4,0
960,DD_185,2022-10-03,1900-01-01 00:00:00,2022-10-03,1900-01-01 23:48:00,0 days 23:48:00,85680.0,10,40,276,0,4,0
961,DD_126,2022-10-03,1900-01-01 00:00:00,2022-10-03,1900-01-01 23:59:00,0 days 23:59:00,86340.0,10,40,276,0,4,0
962,DD_234,2022-10-03,1900-01-01 00:00:00,2022-10-03,1900-01-01 23:59:00,0 days 23:59:00,86340.0,10,40,276,0,4,0
963,DD_126,2022-10-04,1900-01-01 00:00:00,2022-10-04,1900-01-01 23:59:00,0 days 23:59:00,86340.0,10,40,277,1,4,0
964,DD_185,2022-10-04,1900-01-01 00:54:00,2022-10-04,1900-01-01 23:59:00,0 days 23:05:00,83100.0,10,40,277,1,4,0
965,DD_234,2022-10-04,1900-01-01 00:00:00,2022-10-04,1900-01-01 23:59:00,0 days 23:59:00,86340.0,10,40,277,1,4,0
966,DD_234,2022-10-05,1900-01-01 00:00:00,2022-10-05,1900-01-01 23:59:00,0 days 23:59:00,86340.0,10,40,278,2,4,0
967,DD_185,2022-10-05,1900-01-01 00:00:00,2022-10-05,1900-01-01 17:28:00,0 days 17:28:00,62880.0,10,40,278,2,4,0
968,DD_126,2022-10-05,1900-01-01 00:00:00,2022-10-05,1900-01-01 23:59:00,0 days 23:59:00,86340.0,10,40,278,2,4,0
969,DD_234,2022-10-06,1900-01-01 00:00:00,2022-10-06,1900-01-01 23:59:00,0 days 23:59:00,86340.0,10,40,279,3,4,0
970,DD_185,2022-10-06,1900-01-01 10:57:00,2022-10-06,1900-01-01 22:04:00,0 days 11:07:00,40020.0,10,40,279,3,4,10
971,DD_126,2022-10-06,1900-01-01 00:00:00,2022-10-06,1900-01-01 23:59:00,0 days 23:59:00,86340.0,10,40,279,3,4,0
972,DD_126,2022-10-07,1900-01-01 00:00:00,2022-10-07,1900-01-01 23:59:00,0 days 23:59:00,86340.0,10,40,280,4,4,0
973,DD_234,2022-10-07,1900-01-01 00:00:00,2022-10-07,1900-01-01 23:59:00,0 days 23:59:00,86340.0,10,40,280,4,4,0
974,DD_185,2022-10-07,1900-01-01 04:06:00,2022-10-07,1900-01-01 21:32:00,0 days 17:26:00,62760.0,10,40,280,4,4,4
975,HD_022,2022-10-07,1900-01-01 13:47:00,2022-10-07,1900-01-01 23:56:00,0 days 10:09:00,36540.0,10,40,280,4,4,13
976,HD_022,2022-10-08,1900-01-01 00:03:00,2022-10-08,1900-01-01 23:47:00,0 days 23:44:00,85440.0,10,40,281,5,4,0
977,DD_234,2022-10-08,1900-01-01 00:00:00,2022-10-08,1900-01-01 23:59:00,0 days 23:59:00,86340.0,10,40,281,5,4,0
978,DD_126,2022-10-08,1900-01-01 00:00:00,2022-10-08,1900-01-01 23:59:00,0 days 23:59:00,86340.0,10,40,281,5,4,0
979,DD_234,2022-10-09,1900-01-01 00:00:00,2022-10-09,1900-01-01 23:59:00,0 days 23:59:00,86340.0,10,40,282,6,4,0
980,HD_022,2022-10-09,1900-01-01 00:09:00,2022-10-09,1900-01-01 23:59:00,0 days 23:50:00,85800.0,10,40,282,6,4,0
981,DD_126,2022-10-09,1900-01-01 00:00:00,2022-10-09,1900-01-01 23:45:00,0 days 23:45:00,85500.0,10,40,282,6,4,0
982,DD_234,2022-10-10,1900-01-01 00:00:00,2022-10-10,1900-01-01 23:58:00,0 days 23:58:00,86280.0,10,41,283,0,4,0
983,HD_022,2022-10-10,1900-01-01 00:00:00,2022-10-10,1900-01-01 23:57:00,0 days 23:57:00,86220.0,10,41,283,0,4,0
984,DD_185,2022-10-10,1900-01-01 12:34:00,2022-10-10,1900-01-01 13:52:00,0 days 01:18:00,4680.0,10,41,283,0,4,12
985,DD_126,2022-10-10,1900-01-01 00:19:00,2022-10-10,1900-01-01 23:59:00,0 days 23:40:00,85200.0,10,41,283,0,4,0
986,DD_185,2022-10-11,1900-01-01 07:15:00,2022-10-11,1900-01-01 23:59:00,0 days 16:44:00,60240.0,10,41,284,1,4,7
987,DD_234,2022-10-11,1900-01-01 00:01:00,2022-10-11,1900-01-01 23:59:00,0 days 23:58:00,86280.0,10,41,284,1,4,0
988,HD_022,2022-10-11,1900-01-01 00:00:00,2022-10-11,1900-01-01 23:54:00,0 days 23:54:00,86040.0,10,41,284,1,4,0
989,DD_126,2022-10-11,1900-01-01 00:00:00,2022-10-11,1900-01-01 23:59:00,0 days 23:59:00,86340.0,10,41,284,1,4,0
990,DD_234,2022-10-12,1900-01-01 00:00:00,2022-10-12,1900-01-01 23:59:00,0 days 23:59:00,86340.0,10,41,285,2,4,0
991,DD_126,2022-10-12,1900-01-01 00:00:00,2022-10-12,1900-01-01 23:59:00,0 days 23:59:00,86340.0,10,41,285,2,4,0
992,HD_022,2022-10-12,1900-01-01 00:23:00,2022-10-12,1900-01-01 23:58:00,0 days 23:35:00,84900.0,10,41,285,2,4,0
993,DD_185,2022-10-12,1900-01-01 00:00:00,2022-10-12,1900-01-01 23:59:00,0 days 23:59:00,86340.0,10,41,285,2,4,0
994,DD_234,2022-10-13,1900-01-01 00:00:00,2022-10-13,1900-01-01 23:59:00,0 days 23:59:00,86340.0,10,41,286,3,4,0
995,DD_126,2022-10-13,1900-01-01 00:00:00,2022-10-13,1900-01-01 23:59:00,0 days 23:59:00,86340.0,10,41,286,3,4,0
996,HD_022,2022-10-13,1900-01-01 00:17:00,2022-10-13,1900-01-01 23:47:00,0 days 23:30:00,84600.0,10,41,286,3,4,0
997,DD_185,2022-10-13,1900-01-01 00:00:00,2022-10-13,1900-01-01 23:57:00,0 days 23:57:00,86220.0,10,41,286,3,4,0
998,HD_022,2022-10-14,1900-01-01 00:20:00,2022-10-14,1900-01-01 23:54:00,0 days 23:34:00,84840.0,10,41,287,4,4,0
999,DD_126,2022-10-14,1900-01-01 00:04:00,2022-10-14,1900-01-01 23:59:00,0 days 23:55:00,86100.0,10,41,287,4,4,0
1000,DD_234,2022-10-14,1900-01-01 00:00:00,2022-10-14,1900-01-01 23:59:00,0 days 23:59:00,86340.0,10,41,287,4,4,0
1001,DD_185,2022-10-14,1900-01-01 00:03:00,2022-10-14,1900-01-01 23:59:00,0 days 23:56:00,86160.0,10,41,287,4,4,0
1002,HD_022,2022-10-15,1900-01-01 00:03:00,2022-10-15,1900-01-01 23:58:00,0 days 23:55:00,86100.0,10,41,288,5,4,0
1003,DD_126,2022-10-15,1900-01-01 00:00:00,2022-10-15,1900-01-01 23:58:00,0 days 23:58:00,86280.0,10,41,288,5,4,0
1004,DD_185,2022-10-15,1900-01-01 00:00:00,2022-10-15,1900-01-01 23:59:00,0 days 23:59:00,86340.0,10,41,288,5,4,0
1005,DD_234,2022-10-15,1900-01-01 00:00:00,2022-10-15,1900-01-01 23:59:00,0 days 23:59:00,86340.0,10,41,288,5,4,0
1006,DD_126,2022-10-16,1900-01-01 00:00:00,2022-10-16,1900-01-01 23:59:00,0 days 23:59:00,86340.0,10,41,289,6,4,0
1007,DD_234,2022-10-16,1900-01-01 00:00:00,2022-10-16,1900-01-01 23:59:00,0 days 23:59:00,86340.0,10,41,289,6,4,0
1008,DD_185,2022-10-16,1900-01-01 00:00:00,2022-10-16,1900-01-01 23:59:00,0 days 23:59:00,86340.0,10,41,289,6,4,0
1009,HD_022,2022-10-16,1900-01-01 00:00:00,2022-10-16,1900-01-01 23:58:00,0 days 23:58:00,86280.0,10,41,289,6,4,0
1010,DD_234,2022-10-17,1900-01-01 00:00:00,2022-10-17,1900-01-01 23:59:00,0 days 23:59:00,86340.0,10,42,290,0,4,0
1011,DD_185,2022-10-17,1900-01-01 00:00:00,2022-10-17,1900-01-01 23:59:00,0 days 23:59:00,86340.0,10,42,290,0,4,0
1012,HD_022,2022-10-17,1900-01-01 00:00:00,2022-10-17,1900-01-01 23:59:00,0 days 23:59:00,86340.0,10,42,290,0,4,0
1013,DD_126,2022-10-17,1900-01-01 00:00:00,2022-10-17,1900-01-01 23:59:00,0 days 23:59:00,86340.0,10,42,290,0,4,0
1014,HD_022,2022-10-18,1900-01-01 00:00:00,2022-10-18,1900-01-01 23:58:00,0 days 23:58:00,86280.0,10,42,291,1,4,0
1015,DD_126,2022-10-18,1900-01-01 00:00:00,2022-10-18,1900-01-01 23:57:00,0 days 23:57:00,86220.0,10,42,291,1,4,0
1016,DD_234,2022-10-18,1900-01-01 00:00:00,2022-10-18,1900-01-01 23:59:00,0 days 23:59:00,86340.0,10,42,291,1,4,0
1017,DD_185,2022-10-18,1900-01-01 00:00:00,2022-10-18,1900-01-01 23:58:00,0 days 23:58:00,86280.0,10,42,291,1,4,0
1018,HD_022,2022-10-19,1900-01-01 00:03:00,2022-10-19,1900-01-01 23:56:00,0 days 23:53:00,85980.0,10,42,292,2,4,0
1019,DD_185,2022-10-19,1900-01-01 00:00:00,2022-10-19,1900-01-01 23:42:00,0 days 23:42:00,85320.0,10,42,292,2,4,0
1020,DD_234,2022-10-19,1900-01-01 00:00:00,2022-10-19,1900-01-01 23:59:00,0 days 23:59:00,86340.0,10,42,292,2,4,0
1021,DD_126,2022-10-19,1900-01-01 00:13:00,2022-10-19,1900-01-01 23:52:00,0 days 23:39:00,85140.0,10,42,292,2,4,0
1022,DD_126,2022-10-20,1900-01-01 00:14:00,2022-10-20,1900-01-01 23:59:00,0 days 23:45:00,85500.0,10,42,293,3,4,0
1023,DD_185,2022-10-20,1900-01-01 00:26:00,2022-10-20,1900-01-01 23:59:00,0 days 23:33:00,84780.0,10,42,293,3,4,0
1024,DD_234,2022-10-20,1900-01-01 00:00:00,2022-10-20,1900-01-01 23:59:00,0 days 23:59:00,86340.0,10,42,293,3,4,0
1025,HD_022,2022-10-20,1900-01-01 00:07:00,2022-10-20,1900-01-01 23:59:00,0 days 23:52:00,85920.0,10,42,293,3,4,0
1026,DD_234,2022-10-21,1900-01-01 00:00:00,2022-10-21,1900-01-01 23:59:00,0 days 23:59:00,86340.0,10,42,294,4,4,0
1027,DD_185,2022-10-21,1900-01-01 00:00:00,2022-10-21,1900-01-01 23:58:00,0 days 23:58:00,86280.0,10,42,294,4,4,0
1028,HD_022,2022-10-21,1900-01-01 00:00:00,2022-10-21,1900-01-01 23:58:00,0 days 23:58:00,86280.0,10,42,294,4,4,0
1029,DD_126,2022-10-21,1900-01-01 00:00:00,2022-10-21,1900-01-01 23:57:00,0 days 23:57:00,86220.0,10,42,294,4,4,0
1030,DD_126,2022-10-22,1900-01-01 00:15:00,2022-10-22,1900-01-01 23:59:00,0 days 23:44:00,85440.0,10,42,295,5,4,0
1031,DD_234,2022-10-22,1900-01-01 00:00:00,2022-10-22,1900-01-01 23:59:00,0 days 23:59:00,86340.0,10,42,295,5,4,0
1032,HD_022,2022-10-22,1900-01-01 00:03:00,2022-10-22,1900-01-01 23:57:00,0 days 23:54:00,86040.0,10,42,295,5,4,0
1033,DD_185,2022-10-22,1900-01-01 00:04:00,2022-10-22,1900-01-01 23:59:00,0 days 23:55:00,86100.0,10,42,295,5,4,0
1034,HD_022,2022-10-23,1900-01-01 00:02:00,2022-10-23,1900-01-01 23:56:00,0 days 23:54:00,86040.0,10,42,296,6,4,0
1035,DD_185,2022-10-23,1900-01-01 00:00:00,2022-10-23,1900-01-01 23:59:00,0 days 23:59:00,86340.0,10,42,296,6,4,0
1036,DD_234,2022-10-23,1900-01-01 00:00:00,2022-10-23,1900-01-01 23:59:00,0 days 23:59:00,86340.0,10,42,296,6,4,0
1037,DD_126,2022-10-23,1900-01-01 00:00:00,2022-10-23,1900-01-01 23:59:00,0 days 23:59:00,86340.0,10,42,296,6,4,0
1038,HD_022,2022-10-24,1900-01-01 00:00:00,2022-10-24,1900-01-01 23:43:00,0 days 23:43:00,85380.0,10,43,297,0,4,0
1039,DD_126,2022-10-24,1900-01-01 00:00:00,2022-10-24,1900-01-01 23:29:00,0 days 23:29:00,84540.0,10,43,297,0,4,0
1040,DD_185,2022-10-24,1900-01-01 00:02:00,2022-10-24,1900-01-01 23:59:00,0 days 23:57:00,86220.0,10,43,297,0,4,0
1041,DD_234,2022-10-24,1900-01-01 00:00:00,2022-10-24,1900-01-01 23:59:00,0 days 23:59:00,86340.0,10,43,297,0,4,0
1042,DD_185,2022-10-25,1900-01-01 00:00:00,2022-10-25,1900-01-01 23:59:00,0 days 23:59:00,86340.0,10,43,298,1,4,0
1043,HD_022,2022-10-25,1900-01-01 00:10:00,2022-10-25,1900-01-01 23:59:00,0 days 23:49:00,85740.0,10,43,298,1,4,0
1044,DD_234,2022-10-25,1900-01-01 00:00:00,2022-10-25,1900-01-01 23:57:00,0 days 23:57:00,86220.0,10,43,298,1,4,0
1045,DD_126,2022-10-25,1900-01-01 00:10:00,2022-10-25,1900-01-01 23:45:00,0 days 23:35:00,84900.0,10,43,298,1,4,0
1046,DD_126,2022-10-26,1900-01-01 00:10:00,2022-10-26,1900-01-01 23:59:00,0 days 23:49:00,85740.0,10,43,299,2,4,0
1047,DD_234,2022-10-26,1900-01-01 00:03:00,2022-10-26,1900-01-01 23:54:00,0 days 23:51:00,85860.0,10,43,299,2,4,0
1048,DD_185,2022-10-26,1900-01-01 00:00:00,2022-10-26,1900-01-01 23:59:00,0 days 23:59:00,86340.0,10,43,299,2,4,0
1049,HD_022,2022-10-26,1900-01-01 00:00:00,2022-10-26,1900-01-01 23:57:00,0 days 23:57:00,86220.0,10,43,299,2,4,0
1050,HD_022,2022-10-27,1900-01-01 00:00:00,2022-10-27,1900-01-01 23:51:00,0 days 23:51:00,85860.0,10,43,300,3,4,0
1051,DD_126,2022-10-27,1900-01-01 00:00:00,2022-10-27,1900-01-01 23:55:00,0 days 23:55:00,86100.0,10,43,300,3,4,0
1052,DD_185,2022-10-27,1900-01-01 00:00:00,2022-10-27,1900-01-01 23:59:00,0 days 23:59:00,86340.0,10,43,300,3,4,0
1053,DD_234,2022-10-27,1900-01-01 00:21:00,2022-10-27,1900-01-01 23:59:00,0 days 23:38:00,85080.0,10,43,300,3,4,0
1054,DD_126,2022-10-28,1900-01-01 00:01:00,2022-10-28,1900-01-01 23:58:00,0 days 23:57:00,86220.0,10,43,301,4,4,0
1055,HD_022,2022-10-28,1900-01-01 00:08:00,2022-10-28,1900-01-01 23:59:00,0 days 23:51:00,85860.0,10,43,301,4,4,0
1056,DD_234,2022-10-28,1900-01-01 00:00:00,2022-10-28,1900-01-01 23:57:00,0 days 23:57:00,86220.0,10,43,301,4,4,0
1057,DD_185,2022-10-28,1900-01-01 00:00:00,2022-10-28,1900-01-01 23:59:00,0 days 23:59:00,86340.0,10,43,301,4,4,0
1058,HD_022,2022-10-29,1900-01-01 00:01:00,2022-10-29,1900-01-01 23:56:00,0 days 23:55:00,86100.0,10,43,302,5,4,0
1059,DD_185,2022-10-29,1900-01-01 00:00:00,2022-10-29,1900-01-01 23:59:00,0 days 23:59:00,86340.0,10,43,302,5,4,0
1060,DD_126,2022-10-29,1900-01-01 00:00:00,2022-10-29,1900-01-01 23:47:00,0 days 23:47:00,85620.0,10,43,302,5,4,0
1061,DD_234,2022-10-29,1900-01-01 00:01:00,2022-10-29,1900-01-01 11:18:00,0 days 11:17:00,40620.0,10,43,302,5,4,0
1062,HD_022,2022-10-30,1900-01-01 00:23:00,2022-10-30,1900-01-01 23:59:00,0 days 23:36:00,84960.0,10,43,303,6,4,0
1063,DD_185,2022-10-30,1900-01-01 00:00:00,2022-10-30,1900-01-01 23:56:00,0 days 23:56:00,86160.0,10,43,303,6,4,0
1064,DD_126,2022-10-30,1900-01-01 00:01:00,2022-10-30,1900-01-01 23:59:00,0 days 23:58:00,86280.0,10,43,303,6,4,0
1065,DD_185,2022-10-31,1900-01-01 00:02:00,2022-10-31,1900-01-01 23:59:00,0 days 23:57:00,86220.0,10,44,304,0,4,0
1066,DD_234,2022-10-31,1900-01-01 13:56:00,2022-10-31,1900-01-01 13:56:00,0 days 00:00:00,0.0,10,44,304,0,4,13
1067,HD_022,2022-10-31,1900-01-01 00:22:00,2022-10-31,1900-01-01 23:59:00,0 days 23:37:00,85020.0,10,44,304,0,4,0
1068,DD_126,2022-10-31,1900-01-01 00:00:00,2022-10-31,1900-01-01 23:59:00,0 days 23:59:00,86340.0,10,44,304,0,4,0
1069,DD_185,2022-11-01,1900-01-01 00:05:00,2022-11-01,1900-01-01 23:59:00,0 days 23:54:00,86040.0,11,44,305,1,4,0
1070,DD_126,2022-11-01,1900-01-01 00:01:00,2022-11-01,1900-01-01 23:59:00,0 days 23:58:00,86280.0,11,44,305,1,4,0
1071,HD_022,2022-11-01,1900-01-01 00:00:00,2022-11-01,1900-01-01 23:57:00,0 days 23:57:00,86220.0,11,44,305,1,4,0
1072,DD_126,2022-11-02,1900-01-01 00:00:00,2022-11-02,1900-01-01 23:59:00,0 days 23:59:00,86340.0,11,44,306,2,4,0
1073,HD_022,2022-11-02,1900-01-01 00:08:00,2022-11-02,1900-01-01 23:58:00,0 days 23:50:00,85800.0,11,44,306,2,4,0
1074,DD_185,2022-11-02,1900-01-01 00:00:00,2022-11-02,1900-01-01 23:59:00,0 days 23:59:00,86340.0,11,44,306,2,4,0
1075,HD_022,2022-11-03,1900-01-01 00:00:00,2022-11-03,1900-01-01 23:59:00,0 days 23:59:00,86340.0,11,44,307,3,4,0
1076,DD_126,2022-11-03,1900-01-01 00:00:00,2022-11-03,1900-01-01 23:58:00,0 days 23:58:00,86280.0,11,44,307,3,4,0
1077,DD_185,2022-11-03,1900-01-01 00:00:00,2022-11-03,1900-01-01 23:59:00,0 days 23:59:00,86340.0,11,44,307,3,4,0
1078,HD_022,2022-11-04,1900-01-01 00:00:00,2022-11-04,1900-01-01 23:56:00,0 days 23:56:00,86160.0,11,44,308,4,4,0
1079,DD_234,2022-11-04,1900-01-01 00:31:00,2022-11-04,1900-01-01 00:49:00,0 days 00:18:00,1080.0,11,44,308,4,4,0
1080,DD_126,2022-11-04,1900-01-01 00:01:00,2022-11-04,1900-01-01 23:59:00,0 days 23:58:00,86280.0,11,44,308,4,4,0
1081,DD_185,2022-11-04,1900-01-01 00:00:00,2022-11-04,1900-01-01 23:58:00,0 days 23:58:00,86280.0,11,44,308,4,4,0
1082,DD_126,2022-11-05,1900-01-01 00:00:00,2022-11-05,1900-01-01 23:59:00,0 days 23:59:00,86340.0,11,44,309,5,4,0
1083,HD_022,2022-11-05,1900-01-01 00:02:00,2022-11-05,1900-01-01 23:53:00,0 days 23:51:00,85860.0,11,44,309,5,4,0
1084,DD_185,2022-11-05,1900-01-01 00:00:00,2022-11-05,1900-01-01 23:59:00,0 days 23:59:00,86340.0,11,44,309,5,4,0
1085,HD_022,2022-11-06,1900-01-01 00:17:00,2022-11-06,1900-01-01 23:56:00,0 days 23:39:00,85140.0,11,44,310,6,4,0
1086,DD_126,2022-11-06,1900-01-01 00:00:00,2022-11-06,1900-01-01 23:59:00,0 days 23:59:00,86340.0,11,44,310,6,4,0
1087,DD_185,2022-11-06,1900-01-01 00:00:00,2022-11-06,1900-01-01 23:59:00,0 days 23:59:00,86340.0,11,44,310,6,4,0
1088,DD_126,2022-11-07,1900-01-01 00:00:00,2022-11-07,1900-01-01 23:59:00,0 days 23:59:00,86340.0,11,45,311,0,4,0
1089,HD_022,2022-11-07,1900-01-01 00:01:00,2022-11-07,1900-01-01 23:59:00,0 days 23:58:00,86280.0,11,45,311,0,4,0
1090,DD_185,2022-11-07,1900-01-01 00:00:00,2022-11-07,1900-01-01 23:59:00,0 days 23:59:00,86340.0,11,45,311,0,4,0
1091,DD_126,2022-11-08,1900-01-01 00:00:00,2022-11-08,1900-01-01 23:58:00,0 days 23:58:00,86280.0,11,45,312,1,4,0
1092,HD_022,2022-11-08,1900-01-01 00:00:00,2022-11-08,1900-01-01 23:56:00,0 days 23:56:00,86160.0,11,45,312,1,4,0
1093,DD_185,2022-11-08,1900-01-01 00:00:00,2022-11-08,1900-01-01 23:59:00,0 days 23:59:00,86340.0,11,45,312,1,4,0
1094,DD_126,2022-11-09,1900-01-01 00:17:00,2022-11-09,1900-01-01 23:59:00,0 days 23:42:00,85320.0,11,45,313,2,4,0
1095,HD_022,2022-11-09,1900-01-01 00:23:00,2022-11-09,1900-01-01 23:59:00,0 days 23:36:00,84960.0,11,45,313,2,4,0
1096,DD_185,2022-11-09,1900-01-01 00:00:00,2022-11-09,1900-01-01 23:59:00,0 days 23:59:00,86340.0,11,45,313,2,4,0
1097,DD_126,2022-11-10,1900-01-01 00:00:00,2022-11-10,1900-01-01 23:59:00,0 days 23:59:00,86340.0,11,45,314,3,4,0
1098,HD_022,2022-11-10,1900-01-01 00:01:00,2022-11-10,1900-01-01 23:59:00,0 days 23:58:00,86280.0,11,45,314,3,4,0
1099,DD_185,2022-11-10,1900-01-01 00:00:00,2022-11-10,1900-01-01 23:59:00,0 days 23:59:00,86340.0,11,45,314,3,4,0
1100,HD_022,2022-11-11,1900-01-01 00:00:00,2022-11-11,1900-01-01 23:58:00,0 days 23:58:00,86280.0,11,45,315,4,4,0
1101,DD_185,2022-11-11,1900-01-01 00:01:00,2022-11-11,1900-01-01 23:59:00,0 days 23:58:00,86280.0,11,45,315,4,4,0
1102,DD_126,2022-11-11,1900-01-01 00:00:00,2022-11-11,1900-01-01 23:59:00,0 days 23:59:00,86340.0,11,45,315,4,4,0
1103,DD_234,2022-11-12,1900-01-01 14:22:00,2022-11-12,1900-01-01 23:33:00,0 days 09:11:00,33060.0,11,45,316,5,4,14
1104,DD_126,2022-11-12,1900-01-01 00:00:00,2022-11-12,1900-01-01 23:57:00,0 days 23:57:00,86220.0,11,45,316,5,4,0
1105,DD_185,2022-11-12,1900-01-01 00:00:00,2022-11-12,1900-01-01 23:59:00,0 days 23:59:00,86340.0,11,45,316,5,4,0
1106,HD_022,2022-11-12,1900-01-01 00:00:00,2022-11-12,1900-01-01 23:59:00,0 days 23:59:00,86340.0,11,45,316,5,4,0
1107,DD_234,2022-11-13,1900-01-01 00:00:00,2022-11-13,1900-01-01 11:00:00,0 days 11:00:00,39600.0,11,45,317,6,4,0
1108,DD_185,2022-11-13,1900-01-01 00:00:00,2022-11-13,1900-01-01 23:59:00,0 days 23:59:00,86340.0,11,45,317,6,4,0
1109,DD_126,2022-11-13,1900-01-01 00:00:00,2022-11-13,1900-01-01 23:59:00,0 days 23:59:00,86340.0,11,45,317,6,4,0
1110,HD_022,2022-11-13,1900-01-01 00:00:00,2022-11-13,1900-01-01 23:59:00,0 days 23:59:00,86340.0,11,45,317,6,4,0
1111,DD_185,2022-11-14,1900-01-01 00:01:00,2022-11-14,1900-01-01 19:01:00,0 days 19:00:00,68400.0,11,46,318,0,4,0
1112,DD_126,2022-11-14,1900-01-01 00:00:00,2022-11-14,1900-01-01 23:59:00,0 days 23:59:00,86340.0,11,46,318,0,4,0
1113,HD_022,2022-11-14,1900-01-01 00:00:00,2022-11-14,1900-01-01 23:59:00,0 days 23:59:00,86340.0,11,46,318,0,4,0
1114,DD_234,2022-11-14,1900-01-01 13:29:00,2022-11-14,1900-01-01 23:59:00,0 days 10:30:00,37800.0,11,46,318,0,4,13
1115,DD_185,2022-11-15,1900-01-01 08:30:00,2022-11-15,1900-01-01 23:55:00,0 days 15:25:00,55500.0,11,46,319,1,4,8
1116,HD_022,2022-11-15,1900-01-01 00:02:00,2022-11-15,1900-01-01 23:59:00,0 days 23:57:00,86220.0,11,46,319,1,4,0
1117,DD_126,2022-11-15,1900-01-01 00:00:00,2022-11-15,1900-01-01 23:59:00,0 days 23:59:00,86340.0,11,46,319,1,4,0
1118,DD_234,2022-11-15,1900-01-01 00:00:00,2022-11-15,1900-01-01 23:59:00,0 days 23:59:00,86340.0,11,46,319,1,4,0
1119,DD_234,2022-11-16,1900-01-01 00:00:00,2022-11-16,1900-01-01 23:59:00,0 days 23:59:00,86340.0,11,46,320,2,4,0
1120,HD_022,2022-11-16,1900-01-01 00:00:00,2022-11-16,1900-01-01 23:57:00,0 days 23:57:00,86220.0,11,46,320,2,4,0
1121,DD_185,2022-11-16,1900-01-01 00:01:00,2022-11-16,1900-01-01 23:59:00,0 days 23:58:00,86280.0,11,46,320,2,4,0
1122,DD_126,2022-11-16,1900-01-01 00:00:00,2022-11-16,1900-01-01 23:59:00,0 days 23:59:00,86340.0,11,46,320,2,4,0
1123,DD_126,2022-11-17,1900-01-01 00:00:00,2022-11-17,1900-01-01 23:59:00,0 days 23:59:00,86340.0,11,46,321,3,4,0
1124,DD_234,2022-11-17,1900-01-01 00:00:00,2022-11-17,1900-01-01 23:59:00,0 days 23:59:00,86340.0,11,46,321,3,4,0
1125,HD_022,2022-11-17,1900-01-01 00:16:00,2022-11-17,1900-01-01 23:59:00,0 days 23:43:00,85380.0,11,46,321,3,4,0
1126,DD_185,2022-11-17,1900-01-01 00:00:00,2022-11-17,1900-01-01 23:59:00,0 days 23:59:00,86340.0,11,46,321,3,4,0
1127,HD_022,2022-11-18,1900-01-01 00:09:00,2022-11-18,1900-01-01 23:58:00,0 days 23:49:00,85740.0,11,46,322,4,4,0
1128,DD_126,2022-11-18,1900-01-01 00:00:00,2022-11-18,1900-01-01 23:59:00,0 days 23:59:00,86340.0,11,46,322,4,4,0
1129,DD_185,2022-11-18,1900-01-01 00:00:00,2022-11-18,1900-01-01 23:59:00,0 days 23:59:00,86340.0,11,46,322,4,4,0
1130,DD_234,2022-11-18,1900-01-01 00:00:00,2022-11-18,1900-01-01 23:59:00,0 days 23:59:00,86340.0,11,46,322,4,4,0
1131,DD_185,2022-11-19,1900-01-01 00:10:00,2022-11-19,1900-01-01 23:53:00,0 days 23:43:00,85380.0,11,46,323,5,4,0
1132,DD_126,2022-11-19,1900-01-01 00:00:00,2022-11-19,1900-01-01 23:59:00,0 days 23:59:00,86340.0,11,46,323,5,4,0
1133,DD_234,2022-11-19,1900-01-01 00:00:00,2022-11-19,1900-01-01 23:59:00,0 days 23:59:00,86340.0,11,46,323,5,4,0
1134,HD_022,2022-11-19,1900-01-01 00:00:00,2022-11-19,1900-01-01 23:59:00,0 days 23:59:00,86340.0,11,46,323,5,4,0
1135,DD_126,2022-11-20,1900-01-01 00:01:00,2022-11-20,1900-01-01 23:59:00,0 days 23:58:00,86280.0,11,46,324,6,4,0
1136,DD_234,2022-11-20,1900-01-01 00:00:00,2022-11-20,1900-01-01 23:59:00,0 days 23:59:00,86340.0,11,46,324,6,4,0
1137,HD_022,2022-11-20,1900-01-01 00:09:00,2022-11-20,1900-01-01 23:57:00,0 days 23:48:00,85680.0,11,46,324,6,4,0
1138,DD_185,2022-11-20,1900-01-01 00:09:00,2022-11-20,1900-01-01 23:51:00,0 days 23:42:00,85320.0,11,46,324,6,4,0
1139,DD_126,2022-11-21,1900-01-01 00:00:00,2022-11-21,1900-01-01 23:59:00,0 days 23:59:00,86340.0,11,47,325,0,4,0
1140,DD_185,2022-11-21,1900-01-01 00:21:00,2022-11-21,1900-01-01 23:57:00,0 days 23:36:00,84960.0,11,47,325,0,4,0
1141,DD_234,2022-11-21,1900-01-01 00:00:00,2022-11-21,1900-01-01 23:55:00,0 days 23:55:00,86100.0,11,47,325,0,4,0
1142,HD_022,2022-11-21,1900-01-01 00:01:00,2022-11-21,1900-01-01 23:44:00,0 days 23:43:00,85380.0,11,47,325,0,4,0
1143,DD_234,2022-11-22,1900-01-01 00:05:00,2022-11-22,1900-01-01 23:56:00,0 days 23:51:00,85860.0,11,47,326,1,4,0
1144,DD_185,2022-11-22,1900-01-01 00:01:00,2022-11-22,1900-01-01 23:59:00,0 days 23:58:00,86280.0,11,47,326,1,4,0
1145,DD_126,2022-11-22,1900-01-01 00:00:00,2022-11-22,1900-01-01 23:59:00,0 days 23:59:00,86340.0,11,47,326,1,4,0
1146,HD_022,2022-11-22,1900-01-01 00:04:00,2022-11-22,1900-01-01 23:59:00,0 days 23:55:00,86100.0,11,47,326,1,4,0
1147,DD_126,2022-11-23,1900-01-01 00:00:00,2022-11-23,1900-01-01 23:59:00,0 days 23:59:00,86340.0,11,47,327,2,4,0
1148,DD_234,2022-11-23,1900-01-01 00:03:00,2022-11-23,1900-01-01 23:58:00,0 days 23:55:00,86100.0,11,47,327,2,4,0
1149,HD_022,2022-11-23,1900-01-01 00:00:00,2022-11-23,1900-01-01 23:59:00,0 days 23:59:00,86340.0,11,47,327,2,4,0
1150,DD_185,2022-11-23,1900-01-01 00:00:00,2022-11-23,1900-01-01 23:59:00,0 days 23:59:00,86340.0,11,47,327,2,4,0
1151,DD_126,2022-11-24,1900-01-01 00:00:00,2022-11-24,1900-01-01 23:59:00,0 days 23:59:00,86340.0,11,47,328,3,4,0
1152,DD_234,2022-11-24,1900-01-01 00:01:00,2022-11-24,1900-01-01 23:59:00,0 days 23:58:00,86280.0,11,47,328,3,4,0
1153,DD_185,2022-11-24,1900-01-01 00:00:00,2022-11-24,1900-01-01 23:59:00,0 days 23:59:00,86340.0,11,47,328,3,4,0
1154,HD_022,2022-11-24,1900-01-01 00:00:00,2022-11-24,1900-01-01 23:59:00,0 days 23:59:00,86340.0,11,47,328,3,4,0
1155,DD_185,2022-11-25,1900-01-01 00:00:00,2022-11-25,1900-01-01 23:59:00,0 days 23:59:00,86340.0,11,47,329,4,4,0
1156,HD_022,2022-11-25,1900-01-01 00:03:00,2022-11-25,1900-01-01 23:59:00,0 days 23:56:00,86160.0,11,47,329,4,4,0
1157,DD_234,2022-11-25,1900-01-01 00:00:00,2022-11-25,1900-01-01 23:59:00,0 days 23:59:00,86340.0,11,47,329,4,4,0
1158,DD_126,2022-11-25,1900-01-01 00:00:00,2022-11-25,1900-01-01 23:59:00,0 days 23:59:00,86340.0,11,47,329,4,4,0
1159,DD_126,2022-11-26,1900-01-01 00:00:00,2022-11-26,1900-01-01 23:59:00,0 days 23:59:00,86340.0,11,47,330,5,4,0
1160,DD_185,2022-11-26,1900-01-01 00:00:00,2022-11-26,1900-01-01 23:59:00,0 days 23:59:00,86340.0,11,47,330,5,4,0
1161,HD_022,2022-11-26,1900-01-01 00:00:00,2022-11-26,1900-01-01 23:50:00,0 days 23:50:00,85800.0,11,47,330,5,4,0
1162,DD_234,2022-11-26,1900-01-01 00:00:00,2022-11-26,1900-01-01 23:59:00,0 days 23:59:00,86340.0,11,47,330,5,4,0
1163,DD_185,2022-11-27,1900-01-01 00:00:00,2022-11-27,1900-01-01 23:59:00,0 days 23:59:00,86340.0,11,47,331,6,4,0
1164,DD_234,2022-11-27,1900-01-01 00:00:00,2022-11-27,1900-01-01 23:59:00,0 days 23:59:00,86340.0,11,47,331,6,4,0
1165,DD_126,2022-11-27,1900-01-01 00:00:00,2022-11-27,1900-01-01 23:59:00,0 days 23:59:00,86340.0,11,47,331,6,4,0
1166,HD_022,2022-11-27,1900-01-01 00:13:00,2022-11-27,1900-01-01 23:51:00,0 days 23:38:00,85080.0,11,47,331,6,4,0
1167,HD_022,2022-11-28,1900-01-01 00:02:00,2022-11-28,1900-01-01 23:58:00,0 days 23:56:00,86160.0,11,48,332,0,4,0
1168,DD_185,2022-11-28,1900-01-01 00:00:00,2022-11-28,1900-01-01 23:58:00,0 days 23:58:00,86280.0,11,48,332,0,4,0
1169,DD_234,2022-11-28,1900-01-01 00:00:00,2022-11-28,1900-01-01 23:59:00,0 days 23:59:00,86340.0,11,48,332,0,4,0
1170,DD_126,2022-11-28,1900-01-01 00:00:00,2022-11-28,1900-01-01 23:59:00,0 days 23:59:00,86340.0,11,48,332,0,4,0
1171,DD_126,2022-11-29,1900-01-01 00:00:00,2022-11-29,1900-01-01 23:59:00,0 days 23:59:00,86340.0,11,48,333,1,4,0
1172,DD_185,2022-11-29,1900-01-01 00:03:00,2022-11-29,1900-01-01 23:56:00,0 days 23:53:00,85980.0,11,48,333,1,4,0
1173,DD_234,2022-11-29,1900-01-01 00:00:00,2022-11-29,1900-01-01 23:59:00,0 days 23:59:00,86340.0,11,48,333,1,4,0
1174,HD_022,2022-11-29,1900-01-01 00:08:00,2022-11-29,1900-01-01 23:59:00,0 days 23:51:00,85860.0,11,48,333,1,4,0
1175,HD_022,2022-11-30,1900-01-01 00:01:00,2022-11-30,1900-01-01 23:59:00,0 days 23:58:00,86280.0,11,48,334,2,4,0
1176,DD_126,2022-11-30,1900-01-01 00:00:00,2022-11-30,1900-01-01 23:55:00,0 days 23:55:00,86100.0,11,48,334,2,4,0
1177,DD_185,2022-11-30,1900-01-01 00:01:00,2022-11-30,1900-01-01 23:59:00,0 days 23:58:00,86280.0,11,48,334,2,4,0
1178,DD_234,2022-11-30,1900-01-01 00:00:00,2022-11-30,1900-01-01 23:59:00,0 days 23:59:00,86340.0,11,48,334,2,4,0
1179,DD_234,2022-12-01,1900-01-01 00:00:00,2022-12-01,1900-01-01 23:59:00,0 days 23:59:00,86340.0,12,48,335,3,4,0
1180,DD_185,2022-12-01,1900-01-01 00:00:00,2022-12-01,1900-01-01 23:59:00,0 days 23:59:00,86340.0,12,48,335,3,4,0
1181,DD_126,2022-12-01,1900-01-01 00:14:00,2022-12-01,1900-01-01 23:48:00,0 days 23:34:00,84840.0,12,48,335,3,4,0
1182,HD_022,2022-12-01,1900-01-01 00:00:00,2022-12-01,1900-01-01 23:53:00,0 days 23:53:00,85980.0,12,48,335,3,4,0
1183,DD_185,2022-12-02,1900-01-01 00:00:00,2022-12-02,1900-01-01 23:59:00,0 days 23:59:00,86340.0,12,48,336,4,4,0
1184,DD_126,2022-12-02,1900-01-01 00:04:00,2022-12-02,1900-01-01 23:59:00,0 days 23:55:00,86100.0,12,48,336,4,4,0
1185,DD_234,2022-12-02,1900-01-01 00:00:00,2022-12-02,1900-01-01 23:59:00,0 days 23:59:00,86340.0,12,48,336,4,4,0
1186,HD_022,2022-12-02,1900-01-01 00:10:00,2022-12-02,1900-01-01 23:59:00,0 days 23:49:00,85740.0,12,48,336,4,4,0
1187,DD_185,2022-12-03,1900-01-01 00:00:00,2022-12-03,1900-01-01 23:59:00,0 days 23:59:00,86340.0,12,48,337,5,4,0
1188,DD_126,2022-12-03,1900-01-01 00:00:00,2022-12-03,1900-01-01 23:59:00,0 days 23:59:00,86340.0,12,48,337,5,4,0
1189,HD_022,2022-12-03,1900-01-01 00:01:00,2022-12-03,1900-01-01 23:52:00,0 days 23:51:00,85860.0,12,48,337,5,4,0
1190,DD_234,2022-12-03,1900-01-01 00:00:00,2022-12-03,1900-01-01 23:59:00,0 days 23:59:00,86340.0,12,48,337,5,4,0
1191,DD_126,2022-12-04,1900-01-01 00:01:00,2022-12-04,1900-01-01 23:59:00,0 days 23:58:00,86280.0,12,48,338,6,4,0
1192,HD_022,2022-12-04,1900-01-01 00:00:00,2022-12-04,1900-01-01 23:53:00,0 days 23:53:00,85980.0,12,48,338,6,4,0
1193,DD_234,2022-12-04,1900-01-01 00:00:00,2022-12-04,1900-01-01 23:58:00,0 days 23:58:00,86280.0,12,48,338,6,4,0
1194,DD_185,2022-12-04,1900-01-01 00:00:00,2022-12-04,1900-01-01 23:59:00,0 days 23:59:00,86340.0,12,48,338,6,4,0
1195,DD_185,2022-12-05,1900-01-01 00:00:00,2022-12-05,1900-01-01 23:59:00,0 days 23:59:00,86340.0,12,49,339,0,4,0
1196,HD_022,2022-12-05,1900-01-01 00:12:00,2022-12-05,1900-01-01 23:57:00,0 days 23:45:00,85500.0,12,49,339,0,4,0
1197,DD_234,2022-12-05,1900-01-01 00:02:00,2022-12-05,1900-01-01 23:59:00,0 days 23:57:00,86220.0,12,49,339,0,4,0
1198,DD_126,2022-12-05,1900-01-01 00:00:00,2022-12-05,1900-01-01 23:59:00,0 days 23:59:00,86340.0,12,49,339,0,4,0
1199,DD_185,2022-12-06,1900-01-01 00:00:00,2022-12-06,1900-01-01 23:55:00,0 days 23:55:00,86100.0,12,49,340,1,4,0
1200,DD_126,2022-12-06,1900-01-01 00:00:00,2022-12-06,1900-01-01 23:58:00,0 days 23:58:00,86280.0,12,49,340,1,4,0
1201,HD_022,2022-12-06,1900-01-01 00:14:00,2022-12-06,1900-01-01 23:59:00,0 days 23:45:00,85500.0,12,49,340,1,4,0
1202,DD_234,2022-12-06,1900-01-01 00:00:00,2022-12-06,1900-01-01 23:59:00,0 days 23:59:00,86340.0,12,49,340,1,4,0
1203,DD_234,2022-12-07,1900-01-01 00:00:00,2022-12-07,1900-01-01 23:59:00,0 days 23:59:00,86340.0,12,49,341,2,4,0
1204,HD_022,2022-12-07,1900-01-01 00:00:00,2022-12-07,1900-01-01 23:57:00,0 days 23:57:00,86220.0,12,49,341,2,4,0
1205,DD_185,2022-12-07,1900-01-01 00:02:00,2022-12-07,1900-01-01 23:59:00,0 days 23:57:00,86220.0,12,49,341,2,4,0
1206,DD_126,2022-12-07,1900-01-01 00:00:00,2022-12-07,1900-01-01 23:59:00,0 days 23:59:00,86340.0,12,49,341,2,4,0
1207,HD_022,2022-12-08,1900-01-01 00:01:00,2022-12-08,1900-01-01 23:59:00,0 days 23:58:00,86280.0,12,49,342,3,4,0
1208,DD_185,2022-12-08,1900-01-01 00:00:00,2022-12-08,1900-01-01 23:54:00,0 days 23:54:00,86040.0,12,49,342,3,4,0
1209,DD_126,2022-12-08,1900-01-01 00:00:00,2022-12-08,1900-01-01 23:59:00,0 days 23:59:00,86340.0,12,49,342,3,4,0
1210,DD_234,2022-12-08,1900-01-01 00:00:00,2022-12-08,1900-01-01 23:59:00,0 days 23:59:00,86340.0,12,49,342,3,4,0
1211,DD_126,2022-12-09,1900-01-01 00:00:00,2022-12-09,1900-01-01 23:49:00,0 days 23:49:00,85740.0,12,49,343,4,4,0
1212,DD_185,2022-12-09,1900-01-01 00:01:00,2022-12-09,1900-01-01 23:59:00,0 days 23:58:00,86280.0,12,49,343,4,4,0
1213,DD_234,2022-12-09,1900-01-01 00:00:00,2022-12-09,1900-01-01 23:53:00,0 days 23:53:00,85980.0,12,49,343,4,4,0
1214,HD_022,2022-12-09,1900-01-01 00:01:00,2022-12-09,1900-01-01 23:58:00,0 days 23:57:00,86220.0,12,49,343,4,4,0
1215,HD_022,2022-12-10,1900-01-01 00:01:00,2022-12-10,1900-01-01 23:59:00,0 days 23:58:00,86280.0,12,49,344,5,4,0
1216,DD_234,2022-12-10,1900-01-01 00:02:00,2022-12-10,1900-01-01 23:43:00,0 days 23:41:00,85260.0,12,49,344,5,4,0
1217,DD_126,2022-12-10,1900-01-01 00:16:00,2022-12-10,1900-01-01 23:44:00,0 days 23:28:00,84480.0,12,49,344,5,4,0
1218,DD_185,2022-12-10,1900-01-01 00:00:00,2022-12-10,1900-01-01 23:54:00,0 days 23:54:00,86040.0,12,49,344,5,4,0
1219,HD_022,2022-12-11,1900-01-01 00:00:00,2022-12-11,1900-01-01 23:55:00,0 days 23:55:00,86100.0,12,49,345,6,4,0
1220,DD_185,2022-12-11,1900-01-01 00:00:00,2022-12-11,1900-01-01 23:59:00,0 days 23:59:00,86340.0,12,49,345,6,4,0
1221,DD_126,2022-12-11,1900-01-01 00:17:00,2022-12-11,1900-01-01 23:53:00,0 days 23:36:00,84960.0,12,49,345,6,4,0
1222,DD_234,2022-12-11,1900-01-01 00:05:00,2022-12-11,1900-01-01 23:59:00,0 days 23:54:00,86040.0,12,49,345,6,4,0
1223,DD_234,2022-12-12,1900-01-01 00:00:00,2022-12-12,1900-01-01 23:20:00,0 days 23:20:00,84000.0,12,50,346,0,4,0
1224,DD_126,2022-12-12,1900-01-01 00:16:00,2022-12-12,1900-01-01 23:59:00,0 days 23:43:00,85380.0,12,50,346,0,4,0
1225,HD_022,2022-12-12,1900-01-01 00:12:00,2022-12-12,1900-01-01 23:57:00,0 days 23:45:00,85500.0,12,50,346,0,4,0
1226,DD_185,2022-12-12,1900-01-01 00:00:00,2022-12-12,1900-01-01 14:30:00,0 days 14:30:00,52200.0,12,50,346,0,4,0
1227,DD_126,2022-12-13,1900-01-01 00:00:00,2022-12-13,1900-01-01 23:57:00,0 days 23:57:00,86220.0,12,50,347,1,4,0
1228,HD_022,2022-12-13,1900-01-01 00:00:00,2022-12-13,1900-01-01 23:58:00,0 days 23:58:00,86280.0,12,50,347,1,4,0
1229,DD_234,2022-12-13,1900-01-01 03:12:00,2022-12-13,1900-01-01 23:54:00,0 days 20:42:00,74520.0,12,50,347,1,4,3
1230,DD_185,2022-12-13,1900-01-01 12:39:00,2022-12-13,1900-01-01 23:56:00,0 days 11:17:00,40620.0,12,50,347,1,4,12
1231,HD_022,2022-12-14,1900-01-01 00:03:00,2022-12-14,1900-01-01 23:54:00,0 days 23:51:00,85860.0,12,50,348,2,4,0
1232,DD_126,2022-12-14,1900-01-01 00:13:00,2022-12-14,1900-01-01 23:59:00,0 days 23:46:00,85560.0,12,50,348,2,4,0
1233,DD_234,2022-12-14,1900-01-01 00:01:00,2022-12-14,1900-01-01 23:44:00,0 days 23:43:00,85380.0,12,50,348,2,4,0
1234,DD_185,2022-12-14,1900-01-01 00:07:00,2022-12-14,1900-01-01 23:59:00,0 days 23:52:00,85920.0,12,50,348,2,4,0
1235,DD_185,2022-12-15,1900-01-01 00:00:00,2022-12-15,1900-01-01 23:59:00,0 days 23:59:00,86340.0,12,50,349,3,4,0
1236,HD_022,2022-12-15,1900-01-01 00:14:00,2022-12-15,1900-01-01 23:55:00,0 days 23:41:00,85260.0,12,50,349,3,4,0
1237,DD_126,2022-12-15,1900-01-01 00:00:00,2022-12-15,1900-01-01 23:58:00,0 days 23:58:00,86280.0,12,50,349,3,4,0
1238,DD_234,2022-12-15,1900-01-01 00:24:00,2022-12-15,1900-01-01 23:58:00,0 days 23:34:00,84840.0,12,50,349,3,4,0
1239,DD_234,2022-12-16,1900-01-01 00:02:00,2022-12-16,1900-01-01 23:59:00,0 days 23:57:00,86220.0,12,50,350,4,4,0
1240,HD_024,2022-12-16,1900-01-01 11:11:00,2022-12-16,1900-01-01 23:59:00,0 days 12:48:00,46080.0,12,50,350,4,4,11
1241,DD_185,2022-12-16,1900-01-01 00:00:00,2022-12-16,1900-01-01 16:12:00,0 days 16:12:00,58320.0,12,50,350,4,4,0
1242,DD_126,2022-12-16,1900-01-01 00:04:00,2022-12-16,1900-01-01 23:44:00,0 days 23:40:00,85200.0,12,50,350,4,4,0
1243,HD_023,2022-12-16,1900-01-01 10:59:00,2022-12-16,1900-01-01 23:59:00,0 days 13:00:00,46800.0,12,50,350,4,4,10
1244,HD_022,2022-12-16,1900-01-01 00:04:00,2022-12-16,1900-01-01 23:58:00,0 days 23:54:00,86040.0,12,50,350,4,4,0
1245,HD_023,2022-12-17,1900-01-01 00:00:00,2022-12-17,1900-01-01 23:59:00,0 days 23:59:00,86340.0,12,50,351,5,4,0
1246,DD_234,2022-12-17,1900-01-01 00:00:00,2022-12-17,1900-01-01 23:58:00,0 days 23:58:00,86280.0,12,50,351,5,4,0
1247,HD_022,2022-12-17,1900-01-01 00:13:00,2022-12-17,1900-01-01 23:58:00,0 days 23:45:00,85500.0,12,50,351,5,4,0
1248,HD_024,2022-12-17,1900-01-01 00:00:00,2022-12-17,1900-01-01 23:59:00,0 days 23:59:00,86340.0,12,50,351,5,4,0
1249,DD_126,2022-12-17,1900-01-01 00:02:00,2022-12-17,1900-01-01 23:59:00,0 days 23:57:00,86220.0,12,50,351,5,4,0
1250,HD_023,2022-12-18,1900-01-01 00:00:00,2022-12-18,1900-01-01 23:59:00,0 days 23:59:00,86340.0,12,50,352,6,4,0
1251,DD_234,2022-12-18,1900-01-01 00:00:00,2022-12-18,1900-01-01 23:59:00,0 days 23:59:00,86340.0,12,50,352,6,4,0
1252,DD_126,2022-12-18,1900-01-01 00:03:00,2022-12-18,1900-01-01 23:50:00,0 days 23:47:00,85620.0,12,50,352,6,4,0
1253,HD_024,2022-12-18,1900-01-01 00:04:00,2022-12-18,1900-01-01 23:59:00,0 days 23:55:00,86100.0,12,50,352,6,4,0
1254,HD_022,2022-12-18,1900-01-01 00:10:00,2022-12-18,1900-01-01 23:53:00,0 days 23:43:00,85380.0,12,50,352,6,4,0
1255,HD_022,2022-12-19,1900-01-01 00:15:00,2022-12-19,1900-01-01 11:09:00,0 days 10:54:00,39240.0,12,51,353,0,4,0
1256,DD_126,2022-12-19,1900-01-01 00:13:00,2022-12-19,1900-01-01 11:10:00,0 days 10:57:00,39420.0,12,51,353,0,4,0
1257,HD_024,2022-12-19,1900-01-01 00:00:00,2022-12-19,1900-01-01 11:08:00,0 days 11:08:00,40080.0,12,51,353,0,4,0
1258,HD_023,2022-12-19,1900-01-01 00:00:00,2022-12-19,1900-01-01 10:59:00,0 days 10:59:00,39540.0,12,51,353,0,4,0
1259,DD_185,2022-12-19,1900-01-01 09:35:00,2022-12-19,1900-01-01 10:49:00,0 days 01:14:00,4440.0,12,51,353,0,4,9
1260,DD_234,2022-12-19,1900-01-01 00:00:00,2022-12-19,1900-01-01 09:07:00,0 days 09:07:00,32820.0,12,51,353,0,4,0
1261,HD_024,2022-12-22,1900-01-01 16:32:00,2022-12-22,1900-01-01 23:59:00,0 days 07:27:00,26820.0,12,51,356,3,4,16
1262,DD_126,2022-12-22,1900-01-01 16:32:00,2022-12-22,1900-01-01 23:43:00,0 days 07:11:00,25860.0,12,51,356,3,4,16
1263,HD_023,2022-12-22,1900-01-01 16:34:00,2022-12-22,1900-01-01 23:59:00,0 days 07:25:00,26700.0,12,51,356,3,4,16
1264,DD_234,2022-12-22,1900-01-01 16:31:00,2022-12-22,1900-01-01 23:59:00,0 days 07:28:00,26880.0,12,51,356,3,4,16
1265,HD_022,2022-12-22,1900-01-01 16:32:00,2022-12-22,1900-01-01 23:41:00,0 days 07:09:00,25740.0,12,51,356,3,4,16
1266,DD_185,2022-12-23,1900-01-01 17:35:00,2022-12-23,1900-01-01 17:37:00,0 days 00:02:00,120.0,12,51,357,4,4,17
1267,HD_024,2022-12-23,1900-01-01 00:00:00,2022-12-23,1900-01-01 23:59:00,0 days 23:59:00,86340.0,12,51,357,4,4,0
1268,HD_022,2022-12-23,1900-01-01 00:14:00,2022-12-23,1900-01-01 23:58:00,0 days 23:44:00,85440.0,12,51,357,4,4,0
1269,HD_023,2022-12-23,1900-01-01 00:00:00,2022-12-23,1900-01-01 23:56:00,0 days 23:56:00,86160.0,12,51,357,4,4,0
1270,DD_126,2022-12-23,1900-01-01 00:15:00,2022-12-23,1900-01-01 23:59:00,0 days 23:44:00,85440.0,12,51,357,4,4,0
1271,DD_234,2022-12-23,1900-01-01 00:00:00,2022-12-23,1900-01-01 23:59:00,0 days 23:59:00,86340.0,12,51,357,4,4,0
1272,HD_022,2022-12-24,1900-01-01 00:00:00,2022-12-24,1900-01-01 23:57:00,0 days 23:57:00,86220.0,12,51,358,5,4,0
1273,DD_126,2022-12-24,1900-01-01 00:02:00,2022-12-24,1900-01-01 23:59:00,0 days 23:57:00,86220.0,12,51,358,5,4,0
1274,HD_023,2022-12-24,1900-01-01 00:17:00,2022-12-24,1900-01-01 23:59:00,0 days 23:42:00,85320.0,12,51,358,5,4,0
1275,HD_024,2022-12-24,1900-01-01 00:00:00,2022-12-24,1900-01-01 23:59:00,0 days 23:59:00,86340.0,12,51,358,5,4,0
1276,DD_234,2022-12-24,1900-01-01 00:00:00,2022-12-24,1900-01-01 23:59:00,0 days 23:59:00,86340.0,12,51,358,5,4,0
1277,HD_024,2022-12-25,1900-01-01 00:00:00,2022-12-25,1900-01-01 23:59:00,0 days 23:59:00,86340.0,12,51,359,6,4,0
1278,DD_126,2022-12-25,1900-01-01 00:00:00,2022-12-25,1900-01-01 23:59:00,0 days 23:59:00,86340.0,12,51,359,6,4,0
1279,DD_234,2022-12-25,1900-01-01 00:00:00,2022-12-25,1900-01-01 23:55:00,0 days 23:55:00,86100.0,12,51,359,6,4,0
1280,HD_022,2022-12-25,1900-01-01 00:01:00,2022-12-25,1900-01-01 23:59:00,0 days 23:58:00,86280.0,12,51,359,6,4,0
1281,HD_023,2022-12-25,1900-01-01 00:00:00,2022-12-25,1900-01-01 23:09:00,0 days 23:09:00,83340.0,12,51,359,6,4,0
1282,HD_022,2022-12-26,1900-01-01 00:00:00,2022-12-26,1900-01-01 23:58:00,0 days 23:58:00,86280.0,12,52,360,0,4,0
1283,DD_234,2022-12-26,1900-01-01 00:03:00,2022-12-26,1900-01-01 23:59:00,0 days 23:56:00,86160.0,12,52,360,0,4,0
1284,HD_023,2022-12-26,1900-01-01 08:52:00,2022-12-26,1900-01-01 23:59:00,0 days 15:07:00,54420.0,12,52,360,0,4,8
1285,DD_126,2022-12-26,1900-01-01 00:00:00,2022-12-26,1900-01-01 23:59:00,0 days 23:59:00,86340.0,12,52,360,0,4,0
1286,HD_024,2022-12-26,1900-01-01 00:00:00,2022-12-26,1900-01-01 23:58:00,0 days 23:58:00,86280.0,12,52,360,0,4,0
1287,DD_126,2022-12-27,1900-01-01 00:00:00,2022-12-27,1900-01-01 23:59:00,0 days 23:59:00,86340.0,12,52,361,1,4,0
1288,DD_234,2022-12-27,1900-01-01 00:00:00,2022-12-27,1900-01-01 23:59:00,0 days 23:59:00,86340.0,12,52,361,1,4,0
1289,HD_023,2022-12-27,1900-01-01 00:00:00,2022-12-27,1900-01-01 23:59:00,0 days 23:59:00,86340.0,12,52,361,1,4,0
1290,HD_022,2022-12-27,1900-01-01 00:19:00,2022-12-27,1900-01-01 23:59:00,0 days 23:40:00,85200.0,12,52,361,1,4,0
1291,HD_024,2022-12-27,1900-01-01 00:00:00,2022-12-27,1900-01-01 23:59:00,0 days 23:59:00,86340.0,12,52,361,1,4,0
1292,HD_022,2022-12-28,1900-01-01 00:00:00,2022-12-28,1900-01-01 23:58:00,0 days 23:58:00,86280.0,12,52,362,2,4,0
1293,DD_126,2022-12-28,1900-01-01 00:00:00,2022-12-28,1900-01-01 23:59:00,0 days 23:59:00,86340.0,12,52,362,2,4,0
1294,DD_234,2022-12-28,1900-01-01 00:00:00,2022-12-28,1900-01-01 23:59:00,0 days 23:59:00,86340.0,12,52,362,2,4,0
1295,HD_024,2022-12-28,1900-01-01 00:05:00,2022-12-28,1900-01-01 23:59:00,0 days 23:54:00,86040.0,12,52,362,2,4,0
1296,HD_023,2022-12-28,1900-01-01 00:04:00,2022-12-28,1900-01-01 23:59:00,0 days 23:55:00,86100.0,12,52,362,2,4,0
1297,DD_126,2022-12-29,1900-01-01 00:00:00,2022-12-29,1900-01-01 16:06:00,0 days 16:06:00,57960.0,12,52,363,3,4,0
1298,HD_022,2022-12-29,1900-01-01 00:00:00,2022-12-29,1900-01-01 23:47:00,0 days 23:47:00,85620.0,12,52,363,3,4,0
1299,DD_234,2022-12-29,1900-01-01 00:00:00,2022-12-29,1900-01-01 16:06:00,0 days 16:06:00,57960.0,12,52,363,3,4,0
1300,HD_023,2022-12-29,1900-01-01 00:00:00,2022-12-29,1900-01-01 23:46:00,0 days 23:46:00,85560.0,12,52,363,3,4,0
1301,HD_024,2022-12-29,1900-01-01 00:02:00,2022-12-29,1900-01-01 23:41:00,0 days 23:39:00,85140.0,12,52,363,3,4,0
1302,DD_234,2022-12-30,1900-01-01 10:21:00,2022-12-30,1900-01-01 23:58:00,0 days 13:37:00,49020.0,12,52,364,4,4,10
1303,HD_022,2022-12-30,1900-01-01 00:17:00,2022-12-30,1900-01-01 23:53:00,0 days 23:36:00,84960.0,12,52,364,4,4,0
1304,HD_023,2022-12-30,1900-01-01 00:15:00,2022-12-30,1900-01-01 23:16:00,0 days 23:01:00,82860.0,12,52,364,4,4,0
1305,HD_024,2022-12-30,1900-01-01 00:07:00,2022-12-30,1900-01-01 23:03:00,0 days 22:56:00,82560.0,12,52,364,4,4,0
1306,DD_126,2022-12-30,1900-01-01 07:09:00,2022-12-30,1900-01-01 23:59:00,0 days 16:50:00,60600.0,12,52,364,4,4,7
1307,HD_023,2022-12-31,1900-01-01 00:08:00,2022-12-31,1900-01-01 08:09:00,0 days 08:01:00,28860.0,12,52,365,5,4,0
1308,DD_234,2022-12-31,1900-01-01 00:00:00,2022-12-31,1900-01-01 23:59:00,0 days 23:59:00,86340.0,12,52,365,5,4,0
1309,HD_024,2022-12-31,1900-01-01 03:54:00,2022-12-31,1900-01-01 22:49:00,0 days 18:55:00,68100.0,12,52,365,5,4,3
1310,DD_126,2022-12-31,1900-01-01 00:00:00,2022-12-31,1900-01-01 23:59:00,0 days 23:59:00,86340.0,12,52,365,5,4,0
1311,HD_022,2022-12-31,1900-01-01 00:39:00,2022-12-31,1900-01-01 22:28:00,0 days 21:49:00,78540.0,12,52,365,5,4,0
